etID  | Input | Output {GOLD}
0      | #blˈit̪um# | #blˈed̪o# {GOLD: #blˈed̪o#}
1      | #blˈɑn̪d̪um# | #blˈɑn̪d̪o# {GOLD: #blˈɑn̪d̪o#}
2      | #blˌɑn̪d̪ˈit̪iɑ# | #blɑn̪d̪ˈeθɑ# {GOLD: #blɑn̪d̪ˈeθɑ#}
3      | #brˈɑkkʰium# | #bɾˈeθo# {GOLD: #bɾˈɑθo#}
4      | #brˈɑkɑm# | #bɾˈɑɡɑ# {GOLD: #bɾˈɑɡɑ#}
5      | #brˌɑkkʰiˈɑːlem# | #bɾeθˈɑl# {GOLD: #bɾɑθˈɑl#}
6      | #brˌɑkkʰˈiolum# | #bɾiθwˈelo# {GOLD: #bɾɑθwˈelo#}
7      | #bˈellum# | #bˈiʝo# {GOLD: #bˈeʝo#}
8      | #bˈen̪e# | #bjˈen̪# {GOLD: #bjˈen̪#}
9      | #bˈiferɑm# | #bˈebɾɑ# {GOLD: #bɾˈebɑ#}
10     | #bˈon̪um# | #bwˈen̪o# {GOLD: #bwˈen̪o#}
11     | #bˈowem# | #bwe# {GOLD: #bwˈej#}
12     | #bˈukkeum# | #bwˈiθo# {GOLD: #bˈoθo#}
13     | #bˈukkɑm# | #bˈokɑ# {GOLD: #bˈokɑ#}
14     | #bˈurrulɑm# | #bˈorlɑ# {GOLD: #bˈoɾlɑ#}
15     | #bˈɑd̪ium# | #bˈɑʝo# {GOLD: #bˈɑʝo#}
16     | #bˈɑikɑ# | #bˈeɡɑ# {GOLD: #bˈeɡɑ#}
17     | #bˈɑlbum# | #bˈobo# {GOLD: #bˈobo#}
18     | #bˈɑllˈist̪ɑ# | #bˈɑʝˈest̪ɑ# {GOLD: #bɑʝˈest̪ɑ#}
19     | #bˈɑln̪eum# | #bˈɑl̪ɲo# {GOLD: #bˈɑɲo#}
20     | #bˈɑrbɑm# | #bˈɑɾbɑ# {GOLD: #bˈɑɾbɑ#}
21     | #bˈɑsium# | #bˈeso# {GOLD: #bˈeso#}
22     | #bˈɑːssum# | #bˈɑso# {GOLD: #bˈɑxo#}
23     | #bˈɑt̪t̪uoː# | #bˈɑt̪o# {GOLD: #bˈɑt̪o#}
24     | #bˌelˈen̪ion̪# | #belˈeɲo# {GOLD: #belˈeɲo#}
25     | #bˌon̪it̪ˈɑːt̪em# | #bon̪d̪ˈɑd̪# {GOLD: #bon̪d̪ˈɑd̪#}
26     | #bˌurrˈɑɡin̪em# | #borˈen̪# {GOLD: #borˈen̪#}
27     | #bˌɑrbˈellɑ# | #bɑɾbˈiʝɑ# {GOLD: #bɑɾbˈiʝɑ#}
28     | #bˌɑrbˈɑkulɑ# | #bɑɾbˈɑxɑ# {GOLD: #bɑɾbˈɑxɑ#}
29     | #bˌɑːsiˈɑːre# | #besˈɑɾ# {GOLD: #besˈɑɾ#}
30     | #bˌɑssiˈɑːre# | #bɑxˈɑɾ# {GOLD: #bɑxˈɑɾ#}
31     | #bˌɑwkˈɑːlem# | #bokˈɑl# {GOLD: #bokˈɑl#}
32     | #kˌord̪ˈɑːrium# | #koɾd̪ˈeɾo# {GOLD: #koɾd̪ˈeɾo#}
33     | #kˌoɡn̪ˈɑːt̪um# | #kuɲˈɑd̪o# {GOLD: #kuɲˈɑd̪o#}
34     | #d̪ˈekimum# | #d̪jˈes̪mo# {GOLD: #d̪jˈeθmo#}
35     | #d̪ˈɑmn̪um# | #d̪ˈɑɲo# {GOLD: #d̪ˈɑɲo#}
36     | #d̪eˈorsum# | #xwˈeso# {GOLD: #ʝˈuso#}
37     | #d̪ˈomit̪um# | #d̪wˈemd̪o# {GOLD: #d̪wˈen̪d̪o#}
38     | #d̪rˌɑkˈoːn̪em# | #d̪ɾɑɡˈon̪# {GOLD: #d̪ɾɑɡˈon̪#}
39     | #d̪uˈod̪ekim# | #d̪wˈeθ# {GOLD: #d̪ˈoθe#}
40     | #d̪ˈein̪d̪e# | #d̪ˈien̪d̪e# {GOLD: #d̪ˈen̪d̪e#}
41     | #d̪ˈein̪t̪ro# | #d̪ˈien̪t̪ɾo# {GOLD: #d̪ˈen̪t̪ɾo#}
42     | #d̪ˈekem# | #d̪jˈeθ# {GOLD: #d̪jˈeθ#}
43     | #d̪ˌekˈembrem# | #d̪iθjˈembɾe# {GOLD: #d̪iθjˈembɾe#}
44     | #d̪ˈekst̪rum# | #d̪jˈest̪ɾo# {GOLD: #d̪jˈest̪ɾo#}
45     | #d̪ˈekst̪rɑm# | #d̪jˈest̪ɾɑ# {GOLD: #d̪jˈest̪ɾɑ#}
46     | #d̪ˈen̪t̪em# | #d̪jˈen̪t̪e# {GOLD: #d̪jˈen̪t̪e#}
47     | #d̪ˈeus# | #xˈos# {GOLD: #d̪jˈos#}
48     | #d̪ˈeːbit̪ɑ# | #d̪ˈewd̪ɑ# {GOLD: #d̪ˈewd̪ɑ#}
49     | #d̪ˈiːk# | #d̪ˈi# {GOLD: #d̪ˈi#}
50     | #d̪ˈiːkit̪# | #d̪ˈiθ# {GOLD: #d̪ˈiθe#}
51     | #d̪ˈikt̪um# | #d̪ˈet͡ʃo# {GOLD: #d̪ˈit͡ʃo#}
52     | #d̪ˈiɡit̪um# | #d̪ˈeed̪o# {GOLD: #d̪ˈed̪o#}
53     | #d̪ˈokt̪um# | #d̪ˈot͡ʃo# {GOLD: #d̪ˈut͡ʃo#}
54     | #d̪ˈolum# | #d̪wˈelo# {GOLD: #d̪wˈelo#}
55     | #d̪ˈomin̪um# | #d̪wˈembɾo# {GOLD: #d̪wˈeɲo#}
56     | #d̪ˈomin̪ɑm# | #d̪wˈembɾɑ# {GOLD: #d̪ˈoɲɑ#}
57     | #d̪ˈomin̪ɑm# | #d̪wˈembɾɑ# {GOLD: #d̪wˈeɲɑ#}
58     | #d̪ˈoːrium# | #d̪wˈeɾo# {GOLD: #d̪wˈeɾo#}
59     | #d̪ˈulkem# | #d̪ˈolθe# {GOLD: #d̪ˈulθe#}
60     | #d̪ˈuoːs# | #d̪ˈos# {GOLD: #d̪ˈos#}
61     | #d̪ˈuplem# | #d̪ˈoble# {GOLD: #d̪ˈoble#}
62     | #d̪ˈuːbit̪ɑ# | #d̪ˈud̪ɑ# {GOLD: #d̪ˈud̪ɑ#}
63     | #d̪ˈuːrum# | #d̪ˈuɾo# {GOLD: #d̪ˈuɾo#}
64     | #d̪ˌefˈeːn̪sɑ# | #d̪ebˈesɑ# {GOLD: #d̪eˈesɑ#}
65     | #d̪ˌekimˈɑːre# | #d̪es̪mˈɑɾ# {GOLD: #d̪eθmˈɑɾ#}
66     | #d̪ˌelikˈɑːt̪um# | #d̪elɡˈɑd̪o# {GOLD: #d̪elɡˈɑd̪o#}
67     | #d̪ˌelˈikt̪um# | #d̪elˈet͡ʃo# {GOLD: #d̪elˈit̪o#}
68     | #d̪ˌeːbit̪ˈoːre# | #d̪ewd̪ˈoɾ# {GOLD: #d̪eud̪ˈoɾ#}
69     | #d̪ˌeːlikˈɑːt̪um# | #d̪elɡˈɑd̪o# {GOLD: #d̪elɡˈɑd̪o#}
70     | #d̪ˌeːn̪ˈɑːrium# | #d̪en̪ˈeɾo# {GOLD: #d̪in̪ˈeɾo#}
71     | #d̪ˌeːsid̪erˈɑːre# | #d̪esd̪ɾˈɑɾ# {GOLD: #d̪eseˈɑɾ#}
72     | #d̪ˌeːspˈekt̪um# | #d̪espˈet͡ʃo# {GOLD: #d̪espˈet͡ʃo#}
73     | #d̪ˌeːspˌoliˈɑːre# | #d̪espuxˈɑɾ# {GOLD: #d̪espoxˈɑɾ#}
74     | #d̪ˌeːsˌɑn̪ɡin̪ˈɑːre# | #d̪esɑn̪xn̪ˈɑɾ# {GOLD: #d̪esɑn̪ɡɾˈɑɾ#}
75     | #d̪ˌeːsˈed̪ium# | #d̪isˈeo# {GOLD: #d̪esˈeo#}
76     | #d̪ˌeːsˈert̪um# | #d̪isjˈeɾt̪o# {GOLD: #d̪esjˈeɾt̪o#}
77     | #d̪ˌeːsˈiɡn̪um# | #d̪esˈeɲo# {GOLD: #d̪isˈeɲo#}
78     | #d̪ˌikt̪ˈɑːt̪um# | #d̪et͡ʃˈɑd̪o# {GOLD: #d̪et͡ʃˈɑd̪o#}
79     | #d̪ˌist̪ɑliˈɑːre# | #d̪est̪ɑxˈɑɾ# {GOLD: #d̪est̪ɑxˈɑɾ#}
80     | #d̪ˌiurn̪ˈɑːlem# | #xˈoɾn̪ˈɑl# {GOLD: #xoɾn̪ˈɑl#}
81     | #d̪ˌiurn̪ˈɑːt̪ɑ# | #xˈoɾn̪ˈɑd̪ɑ# {GOLD: #xoɾn̪ˈɑd̪ɑ#}
82     | #d̪ˌiɡit̪ˈɑːle# | #d̪eed̪ˈɑl# {GOLD: #d̪ed̪ˈɑl#}
83     | #d̪ˌiːkˈiːre# | #d̪eθˈiɾ# {GOLD: #d̪eθˈiɾ#}
84     | #d̪ˌiːrˈekt̪um# | #d̪iɾˈet͡ʃo# {GOLD: #d̪eɾˈet͡ʃo#}
85     | #d̪ˌiːwˈiːn̪um# | #d̪ebˈin̪o# {GOLD: #d̪ibˈin̪o#}
86     | #d̪ˌolˈoːrem# | #d̪olˈoɾ# {GOLD: #d̪olˈoɾ#}
87     | #d̪ˌomˈiːn̪ikum# | #d̪omˈin̪ɡo# {GOLD: #d̪omˈin̪ɡo#}
88     | #d̪ˌubit̪ˈɑːre# | #d̪od̪ˈɑɾ# {GOLD: #d̪ud̪ˈɑɾ#}
89     | #d̪ˌuːrˈit̪iɑm# | #d̪uɾˈeθɑ# {GOLD: #d̪uɾˈeθɑ#}
90     | #d̪ˌuːrˈɑkin̪um# | #d̪uɾˈɑs̪n̪o# {GOLD: #d̪uɾˈɑθn̪o#}
91     | #flˈokkum# | #ʝwˈeko# {GOLD: #flˈeko#}
92     | #flˈoːrem# | #ʝˈoɾ# {GOLD: #flˈoɾ#}
93     | #flˈuksum# | #ʝˈuxo# {GOLD: #flˈoxo#}
94     | #flˈɑkkid̪um# | #ʝˈiθjo# {GOLD: #lˈɑθjo#}
95     | #flˈɑmmɑm# | #ʝˈɑmɑ# {GOLD: #ʝˈɑmɑ#}
96     | #frˈiːkt̪um# | #fɾˈit͡ʃo# {GOLD: #fɾˈit̪o#}
97     | #frˈiːɡid̪um# | #fɾˈiʝo# {GOLD: #fɾˈio#}
98     | #frˈiːɡum# | #fɾˈio# {GOLD: #fɾˈio#}
99     | #frˈon̪t̪e# | #fɾˈen̪t̪e# {GOLD: #fɾˈen̪t̪e#}
100    | #frˈuːkt̪um# | #fɾˈut͡ʃo# {GOLD: #fɾˈut͡ʃo#}
101    | #frˈɑbikɑ# | #fɾˈɑɡʷɑ# {GOLD: #fɾˈɑɡʷɑ#}
102    | #frˈɑksin̪um# | #fɾˈɑsn̪o# {GOLD: #fɾˈesn̪o#}
103    | #frˌikˈɑːre# | #fɾeɡˈɑɾ# {GOLD: #fɾeɡˈɑɾ#}
104    | #frˌiːksˈeolum# | #fɾixwˈelo# {GOLD: #fɾiswˈelo#}
105    | #frˌiːkt̪iˈɑːre# | #fɾiθˈɑɾ# {GOLD: #fɾiθˈɑɾ#}
106    | #fˈebrem# | #fjˈebɾe# {GOLD: #fjˈebɾe#}
107    | #fˈeːkiː# | #ˈeθi# {GOLD: #ˈiθe#}
108    | #fˈelem# | #fjˈel# {GOLD: #ʝˈel#}
109    | #fˈerrum# | #fjˈero# {GOLD: #ʝˈero#}
110    | #fˈerɑm# | #fjˈeɾɑ# {GOLD: #fjˈeɾɑ#}
111    | #fˈeːmin̪ɑ# | #ˈembɾɑ# {GOLD: #ˈembɾɑ#}
112    | #fˈeːn̪um# | #ˈen̪o# {GOLD: #ˈen̪o#}
113    | #fˈibrɑ# | #ˈebɾɑ# {GOLD: #ˈebɾɑ#}
114    | #fˈid̪em# | #ˈee# {GOLD: #fˈe#}
115    | #fˈiːkum# | #ˈiɡo# {GOLD: #ˈiɡo#}
116    | #fˈiːlum# | #ˈilo# {GOLD: #ˈilo#}
117    | #fˈiːksum# | #ˈixo# {GOLD: #fˈixo#}
118    | #fˈiːkt̪um# | #ˈit͡ʃo# {GOLD: #ˈit̪o#}
119    | #fˈiːlium# | #ˈixo# {GOLD: #ˈixo#}
120    | #fˈiːliɑm# | #ˈixɑ# {GOLD: #ˈixɑ#}
121    | #fˈiːn̪em# | #ˈin̪# {GOLD: #fˈin̪#}
122    | #fˈoe̯d̪um# | #ˈeo# {GOLD: #fˈeo#}
123    | #fˈokum# | #fwˈeɡo# {GOLD: #fwˈeɡo#}
124    | #fˈoliɑ# | #ˈoxɑ# {GOLD: #ˈoxɑ#}
125    | #fˈollem# | #fwˈeʝe# {GOLD: #fwˈeʝe#}
126    | #fˈon̪t̪em# | #fwˈen̪t̪e# {GOLD: #fwˈen̪t̪e#}
127    | #fˈort̪em# | #fwˈeɾt̪e# {GOLD: #fwˈeɾt̪e#}
128    | #fˈort̪iɑ# | #fwˈeɾθɑ# {GOLD: #fwˈeɾθɑ#}
129    | #fˈoːweɑ# | #fwjˈɑ# {GOLD: #oʝɑ#}
130    | #fˈoːrmɑ# | #ˈoɾmɑ# {GOLD: #ˈoɾmɑ#}
131    | #fˈun̪d̪um# | #ˈon̪d̪o# {GOLD: #fˈon̪d̪o#}
132    | #fˈun̪d̪ɑm# | #ˈon̪d̪ɑ# {GOLD: #ˈon̪d̪ɑ#}
133    | #fˈun̪ɡum# | #ˈon̪ɡo# {GOLD: #ˈon̪ɡo#}
134    | #fˈurkɑm# | #ˈoɾkɑ# {GOLD: #ˈoɾkɑ#}
135    | #fˈurn̪um# | #ˈoɾn̪o# {GOLD: #ˈoɾn̪o#}
136    | #fˈurn̪ɑkeum# | #ˈoɾn̪ɑθo# {GOLD: #oɾn̪ˈɑθo#}
137    | #fˈuːmum# | #ˈumo# {GOLD: #ˈumo#}
138    | #fˈuːrt̪um# | #ˈuɾt̪o# {GOLD: #ˈuɾt̪o#}
139    | #fˈɑːbulɑm# | #ˈɑblɑ# {GOLD: #ˈɑblɑ#}
140    | #fˈɑbɑm# | #ˈɑbɑ# {GOLD: #ˈɑbɑ#}
141    | #fˈɑkiem# | #ˈɑθ# {GOLD: #ˈɑθ#}
142    | #fˈɑkit̪# | #ˈɑθ# {GOLD: #ˈɑθe#}
143    | #fˈɑkt̪um# | #ˈet͡ʃo# {GOLD: #ˈet͡ʃo#}
144    | #fˈɑkt̪ɑm# | #ˈet͡ʃɑ# {GOLD: #fˈet͡ʃɑ#}
145    | #fˈɑlkem# | #ˈoθ# {GOLD: #ˈoθ#}
146    | #fˈɑmin̪em# | #ˈɑmbɾe# {GOLD: #ˈɑmbɾe#}
147    | #fˈɑskem# | #ˈɑθe# {GOLD: #ˈɑθ#}
148    | #fˈɑskeːs# | #ˈɑθes# {GOLD: #ˈɑθes#}
149    | #fˈɑskiɑm# | #ˈɑθɑ# {GOLD: #ˈɑθɑ#}
150    | #fˈɑːɡeɑm# | #ˈɑʝɑ# {GOLD: #ˈɑʝɑ#}
151    | #fˌen̪ˈiːlem# | #en̪ˈil# {GOLD: #en̪ˈil#}
152    | #fˌerrˈɑːrium# | #erˈeɾo# {GOLD: #erˈeɾo#}
153    | #fˌerwˈen̪t̪em# | #eɾbjˈen̪t̪e# {GOLD: #iɾbjˈen̪t̪e#}
154    | #fˌeːn̪ˈukulum# | #en̪ˈuxo# {GOLD: #in̪ˈoxo#}
155    | #fˌeːt̪ˈeːre# | #ed̪ˈeɾ# {GOLD: #ed̪ˈeɾ#}
156    | #fˌid̪ˈeːlem# | #eˈel# {GOLD: #fjˈel#}
157    | #fˌikˈɑːt̪um# | #eɡˈɑd̪o# {GOLD: #iɡˈɑd̪o#}
158    | #fˌilˈikt̪um# | #elˈet͡ʃo# {GOLD: #elˈet͡ʃo#}
159    | #fˌiːkˈɑːriɑ# | #iɡˈeɾɑ# {GOLD: #iɡˈeɾɑ#}
160    | #fˌiːlˈiolum# | #ixwˈelo# {GOLD: #ixwˈelo#}
161    | #fˌokˈɑːrem# | #oɡˈɑɾ# {GOLD: #oɡˈɑɾ#}
162    | #fˌokˈɑːriɑ# | #oɡˈeɾɑ# {GOLD: #oɡˈeɾɑ#}
163    | #fˌormˈiːkɑm# | #oɾmˈiɡɑ# {GOLD: #oɾmˈiɡɑ#}
164    | #fˌorˈɑn̪eum# | #oɾˈɑɲo# {GOLD: #uɾˈɑɲo#}
165    | #fˌoːrmˈoːsum# | #oɾmˈoso# {GOLD: #eɾmˈoso#}
166    | #fˌollikˈɑːre# | #oʝɡˈɑɾ# {GOLD: #olɡˈɑɾ#}
167    | #fˌuːlˈiːɡin̪em# | #olˈin̪# {GOLD: #oʝˈin̪#}
168    | #fˌuːmiɡˈɑːre# | #umjˈɑɾ# {GOLD: #umeˈɑɾ#}
169    | #fˌɑbulˈɑːre# | #ɑblˈɑɾ# {GOLD: #ɑblˈɑɾ#}
170    | #fˌɑkt̪ˈiːkium# | #et͡ʃˈiθo# {GOLD: #et͡ʃˈiθo#}
171    | #fˌɑkt̪ˈuːrɑ# | #et͡ʃˈuɾɑ# {GOLD: #et͡ʃˈuɾɑ#}
172    | #fˌɑlkˈiːn̪um# | #oθˈin̪o# {GOLD: #oθˈin̪o#}
173    | #fˌɑmˈeːlikum# | #ɑmˈelɡo# {GOLD: #xɑmˈelɡo#}
174    | #fˌɑriːn̪ˈɑːrium# | #ɑɾn̪ˈeɾo# {GOLD: #ɑɾn̪ˈeɾo#}
175    | #fˌɑrˈiːn̪ɑ# | #ɑɾˈin̪ɑ# {GOLD: #ɑɾˈin̪ɑ#}
176    | #fˌɑst̪ˈiːd̪ium# | #ɑst̪ˈio# {GOLD: #ɑst̪ˈio#}
177    | #hˈed̪erɑ# | #ʝˈed̪ɾɑ# {GOLD: #ʝˈed̪ɾɑ#}
178    | #hˈod̪ie# | #wˈe# {GOLD: #ˈoj#}
179    | #hˈomin̪em# | #ɡʷˈembɾe# {GOLD: #ˈombɾe#}
180    | #hˈort̪um# | #ɡʷˈeɾt̪o# {GOLD: #wˈeɾt̪o#}
181    | #hˈospit̪em# | #ɡʷˈesped̪# {GOLD: #wˈesped̪#}
182    | #hˈost̪em# | #ɡʷˈest̪e# {GOLD: #wˈest̪e#}
183    | #hˈoːrɑm# | #ˈoɾɑ# {GOLD: #ˈoɾɑ#}
184    | #hˈumerum# | #ˈombɾo# {GOLD: #ˈombɾo#}
185    | #hˈɑbui# | #ˈɑbwe# {GOLD: #ˈobe#}
186    | #hˌeːred̪it̪ˈɑːre# | #eɾeed̪ˈɑɾ# {GOLD: #eɾed̪ˈɑɾ#}
187    | #hˌispˈɑn̪iɑ# | #espˈɑɲɑ# {GOLD: #espˈɑɲɑ#}
188    | #hˌon̪ˈoːrem# | #on̪ˈoɾ# {GOLD: #on̪ˈoɾ#}
189    | #hˌord̪ˈeolum# | #uɾxwˈelo# {GOLD: #oɾθwˈelo#}
190    | #hˌospit̪ˈɑːlem# | #oswt̪ˈɑl# {GOLD: #ost̪ˈɑl#}
191    | #hˌɑmikˈeolum# | #ɑmθwˈelo# {GOLD: #ɑn̪θwˈelo#}
192    | #jˈɑːn̪uɑm# | #ʝˈɑn̪oɑ# {GOLD: #xˈɑmbɑ#}
193    | #hˈerbɑm# | #ʝˈeɾbɑ# {GOLD: #ʝˈeɾbɑ#}
194    | #jˈokum# | #jwˈeɡo# {GOLD: #xwˈeɡo#}
195    | #jˈowis# | #jwes# {GOLD: #xwˈebes#}
196    | #jˈun̪kt̪um# | #xˈun̪t̪o# {GOLD: #xˈun̪t̪o#}
197    | #jˈun̪kt̪ɑm# | #xˈun̪t̪ɑ# {GOLD: #xˈun̪t̪ɑ#}
198    | #jˈuːd̪ikem# | #xwˈiθ# {GOLD: #xwˈeθ#}
199    | #jˈuːn̪kum# | #xˈun̪ko# {GOLD: #xˈun̪ko#}
200    | #hˈɑbeɑm# | #ˈɑbjɑ# {GOLD: #ˈɑʝɑ#}
201    | #jˈɑkt̪um# | #ʝˈet͡ʃo# {GOLD: #ˈet͡ʃo#}
202    | #jˈɑm# | #ʝˈɑn̪# {GOLD: #ʝˈɑ#}
203    | #jˌɑkˈeːre# | #ʝɑθˈeɾ# {GOLD: #ʝɑθˈeɾ#}
204    | #jˌɑːn̪uˈɑːrium# | #ʝɑn̪oˈeɾo# {GOLD: #en̪ˈeɾo#}
205    | #jˈuɡum# | #xˈoo# {GOLD: #ʝˈuɡo#}
206    | #kˌerˈesiɑ# | #θeɾˈesɑ# {GOLD: #θeɾˈeθɑ#}
207    | #klˈɑːwem# | #ʝˈɑbe# {GOLD: #ʝˈɑbe#}
208    | #klˈɑwsɑm# | #ʝˈosɑ# {GOLD: #ʝˈosɑ#}
209    | #klˌɑːmˈɑːre# | #ʝɑmˈɑɾ# {GOLD: #ʝɑmˈɑɾ#}
210    | #krˈeːd̪it̪# | #kɾˈee# {GOLD: #kɾˈee#}
211    | #krˈeːd̪oː# | #kɾˈeo# {GOLD: #kɾˈeo#}
212    | #krˈeːt̪ɑm# | #kɾˈed̪ɑ# {GOLD: #ɡɾˈed̪ɑ#}
213    | #krˈiːn̪em# | #kɾˈin̪# {GOLD: #kɾˈin̪#}
214    | #krˈukem# | #kɾˈoθ# {GOLD: #kɾˈuθ#}
215    | #krˈust̪ɑm# | #kɾˈost̪ɑ# {GOLD: #kˈost̪ɾɑ#}
216    | #krˈuːd̪um# | #kɾˈuo# {GOLD: #kɾˈuo#}
217    | #krˈɑssum# | #kɾˈɑso# {GOLD: #ɡɾˈɑso#}
218    | #krˈɑssɑm# | #kɾˈɑsɑ# {GOLD: #ɡɾˈɑsɑ#}
219    | #krˌeskˈeːre# | #kɾeθˈeɾ# {GOLD: #kɾeθˈeɾ#}
220    | #krˌeɑt̪iˈoːn̪e# | #kɾjˈɑθˈon̪# {GOLD: #kɾjɑθˈon̪#}
221    | #krˌeˈɑːre# | #kɾjˈɑɾ# {GOLD: #kɾjˈɑɾ#}
222    | #krˌeːd̪ˈeːre# | #kɾeˈeɾ# {GOLD: #kɾeˈeɾ#}
223    | #krˌuːd̪elit̪ˈɑːt̪em# | #kɾulst̪ˈɑd̪# {GOLD: #kɾweld̪ˈɑd̪#}
224    | #krˌuːd̪ˈeːlem# | #kɾwˈel# {GOLD: #kɾwˈel#}
225    | #kˌubit̪ˈɑːlem# | #kod̪ˈɑl# {GOLD: #kod̪ˈɑl#}
226    | #kwˈae̯sit̪us# | #kjˈest̪os# {GOLD: #kˈist̪o#}
227    | #kwˈae̯rit̪# | #kjˈeɾ# {GOLD: #kjˈeɾe#}
228    | #kwˈem# | #kjˈen̪# {GOLD: #kjˈen̪#}
229    | #kwˈid̪# | #kˈe# {GOLD: #kˈe#}
230    | #kwˈiːn̪d̪ekim# | #kˈin̪d̪eθ# {GOLD: #kˈin̪θe#}
231    | #kwˈiːn̪kwe# | #kˈin̪ke# {GOLD: #θˈin̪ko#}
232    | #kwˈiːn̪t̪um# | #kˈin̪t̪o# {GOLD: #kˈin̪t̪o#}
233    | #kwˈoːmod̪o# | #kˈomoo# {GOLD: #kˈomo#}
234    | #kwˈɑd̪rum# | #kwˈɑd̪ɾo# {GOLD: #kwˈɑd̪ɾo#}
235    | #kwˈɑlem# | #kwˈɑl# {GOLD: #kwˈɑl#}
236    | #kwˈɑn̪d̪oː# | #kwˈɑn̪d̪o# {GOLD: #kwˈɑn̪d̪o#}
237    | #kwˈɑrt̪um# | #kwˈɑɾt̪o# {GOLD: #kwˈɑɾt̪o#}
238    | #kwˈɑt̪t̪uor# | #kwˈɑt̪oɾ# {GOLD: #kwˈɑt̪ɾo#}
239    | #kwˈɑːle# | #kwˈɑl# {GOLD: #kwˈɑl#}
240    | #kwˌae̯rˈeːre# | #keɾˈeɾ# {GOLD: #keɾˈeɾ#}
241    | #kwˌiet̪ˈɑːre# | #kˈed̪ˈɑɾ# {GOLD: #ked̪ˈɑɾ#}
242    | #kwˌiˈeːt̪um# | #keˈed̪o# {GOLD: #kˈed̪o#}
243    | #kwˌiːn̪ɡˈen̪t̪oːs# | #kin̪xˈen̪t̪os# {GOLD: #kin̪jˈen̪t̪os#}
244    | #kwˌɑn̪t̪it̪ˈɑːt̪em# | #kɑn̪st̪ˈɑd̪# {GOLD: #kɑn̪t̪id̪ˈɑd̪#}
245    | #kwˌɑssikˈɑːre# | #kɑskˈɑɾ# {GOLD: #kɑskˈɑɾ#}
246    | #kwˌɑt̪t̪uˈord̪ekim# | #kɑt̪wˈeɾd̪eθ# {GOLD: #kɑt̪ˈoɾθe#}
247    | #kˈae̯kum# | #θjˈeɡo# {GOLD: #θjˈeɡo#}
248    | #kˈae̯lum# | #θjˈelo# {GOLD: #θjˈelo#}
249    | #kˈae̯spit̪e# | #θjˈesped̪# {GOLD: #θˈesped̪#}
250    | #kˈɑːseum# | #kˈeso# {GOLD: #kˈeso#}
251    | #kˈen̪t̪rum# | #θjˈen̪t̪ɾo# {GOLD: #θˈen̪t̪ɾo#}
252    | #kˈen̪t̪um# | #θjˈen̪t̪o# {GOLD: #θjˈen̪t̪o#}
253    | #kˈert̪um# | #θjˈeɾt̪o# {GOLD: #θjˈeɾt̪o#}
254    | #kˈerwum# | #θjˈeɾbo# {GOLD: #θjˈeɾbo#}
255    | #kˈeːn̪ɑm# | #θˈen̪ɑ# {GOLD: #θˈen̪ɑ#}
256    | #kˈeːrɑm# | #θˈeɾɑ# {GOLD: #θˈeɾɑ#}
257    | #kˈibum# | #θˈebo# {GOLD: #θˈebo#}
258    | #kˈiliɑ# | #θˈexɑ# {GOLD: #θˈexɑ#}
259    | #kˈin̪kt̪um# | #θˈin̪t̪o# {GOLD: #θˈin̪t̪o#}
260    | #kˈin̪kt̪ɑm# | #θˈin̪t̪ɑ# {GOLD: #θˈin̪t̪ɑ#}
261    | #kˈippum# | #θˈepo# {GOLD: #θˈepo#}
262    | #kˈirkulum# | #θˈeɾt͡ʃo# {GOLD: #θˈeɾt͡ʃo#}
263    | #kˈirkum# | #θˈeɾko# {GOLD: #θˈeɾko#}
264    | #kˈirkɑm# | #θˈeɾkɑ# {GOLD: #θˈeɾkɑ#}
265    | #kˈirrum# | #θˈero# {GOLD: #θˈero#}
266    | #kˈist̪ɑm# | #θˈest̪ɑ# {GOLD: #θˈest̪ɑ#}
267    | #kˈoksum# | #kˈoxo# {GOLD: #kˈoxo#}
268    | #kˈokt̪um# | #kˈot͡ʃo# {GOLD: #kˈot͡ʃo#}
269    | #kˈolliɡis# | #kˈuljes# {GOLD: #kˈoxes#}
270    | #kˈollum# | #kwˈeʝo# {GOLD: #kwˈeʝo#}
271    | #kˈomit̪em# | #kwˈemd̪e# {GOLD: #kˈon̪d̪e#}
272    | #kˈompt̪um# | #kˈon̪t̪o# {GOLD: #kwˈen̪t̪o#}
273    | #kˈon̪kʰulɑm# | #kwˈen̪t͡ʃɑ# {GOLD: #kon̪t͡ʃɑ#}
274    | #kˈon̪kʰɑm# | #kwˈen̪kɑ# {GOLD: #kwˈen̪kɑ#}
275    | #kˈon̪t̪rɑ# | #kwˈen̪t̪ɾɑ# {GOLD: #kˈon̪t̪ɾɑ#}
276    | #kˈopʰin̪um# | #kwˈebn̪o# {GOLD: #kwˈebɑn̪o#}
277    | #kˈorium# | #kwˈeɾo# {GOLD: #kwˈeɾo#}
278    | #kˈorn̪uː# | #kwˈeɾn̪u# {GOLD: #kwˈeɾn̪o#}
279    | #kˈorpum# | #kwˈeɾpo# {GOLD: #kwˈeɾpo#}
280    | #kˈorwum# | #kwˈeɾbo# {GOLD: #kwˈeɾbo#}
281    | #kˈost̪ɑm# | #kwˈest̪ɑ# {GOLD: #kwˈest̪ɑ#}
282    | #kˈoːlupum# | #kˈolpo# {GOLD: #ɡˈolpe#}
283    | #kˈoːn̪suoː# | #kˈoso# {GOLD: #kˈoso#}
284    | #kˈoːrt̪em# | #kˈoɾt̪e# {GOLD: #kˈoɾt̪e#}
285    | #kˈoːɡit̪ɑt̪# | #kˈuʝd̪ɑ# {GOLD: #kwˈid̪ɑ#}
286    | #kˈubit̪um# | #kˈod̪o# {GOLD: #kˈod̪o#}
287    | #kˈubum# | #kˈobo# {GOLD: #kˈubo#}
288    | #kˈuium# | #kwˈio# {GOLD: #kˈuʝo#}
289    | #kˈulkit̪ɑm# | #kˈolθed̪ɑ# {GOLD: #kˈolt͡ʃɑ#}
290    | #kˈulmin̪em# | #kˈolmen̪# {GOLD: #kˈumbɾe#}
291    | #kˈum# | #kˈon̪# {GOLD: #kˈon̪#}
292    | #kˈumulum# | #kˈomlo# {GOLD: #kˈolmo#}
293    | #kˈun̪n̪um# | #kˈoɲo# {GOLD: #kˈoɲo#}
294    | #kˈun̪eum# | #kˈuɲo# {GOLD: #kˈuɲo#}
295    | #kˈun̪eɑm# | #kˈuɲɑ# {GOLD: #kˈuɲɑ#}
296    | #kˈurrum# | #kˈoro# {GOLD: #kˈoro#}
297    | #kˈursum# | #kˈoso# {GOLD: #kˈoso#}
298    | #kˈurt̪um# | #kˈoɾt̪o# {GOLD: #kˈoɾt̪o#}
299    | #kˈuːn̪ɑm# | #kˈun̪ɑ# {GOLD: #kˈun̪ɑ#}
300    | #kˈuːpɑ# | #kˈubɑ# {GOLD: #kˈubɑ#}
301    | #kˈuːrɑm# | #kˈuɾɑ# {GOLD: #kuɾɑ#}
302    | #kˈɑlikem# | #kˈɑlθe# {GOLD: #kˈɑwθe#}
303    | #kˈɑlkem# | #kˈoθ# {GOLD: #kˈoθ#}
304    | #kˈɑlkeɑm# | #kˈoθɑ# {GOLD: #kˈɑlθɑ#}
305    | #kˈɑlle# | #kˈɑʝe# {GOLD: #kˈɑʝe#}
306    | #kˈɑlwum# | #kˈobo# {GOLD: #kˈɑlbo#}
307    | #kˈɑmpum# | #kˈɑmpo# {GOLD: #kˈɑmpo#}
308    | #kˈɑn̪krum# | #kˈɑn̪kɾo# {GOLD: #kˈɑn̪ɡɾo#}
309    | #kˈɑn̪n̪ɑm# | #kˈɑɲɑ# {GOLD: #kˈɑɲɑ#}
310    | #kˈɑn̪t̪um# | #kˈɑn̪t̪o# {GOLD: #kˈɑn̪t̪o#}
311    | #kˈɑn̪t̪ʰulum# | #kˈɑn̪t͡ʃo# {GOLD: #kˈɑn̪t͡ʃo#}
312    | #kˈɑn̪t̪ʰɑrum# | #kˈɑn̪t̪ɾo# {GOLD: #kˈɑn̪t̪ɑɾo#}
313    | #kˈɑpit̪# | #kˈɑbe# {GOLD: #kˈɑbe#}
314    | #kˈɑpiɑm# | #kˈepɑ# {GOLD: #kˈepɑ#}
315    | #kˈɑpreum# | #kˈɑbɾjo# {GOLD: #kˈɑbɾjo#}
316    | #kˈɑprɑ# | #kˈɑbɾɑ# {GOLD: #kˈɑbɾɑ#}
317    | #kˈɑpt̪ioː# | #kˈɑθo# {GOLD: #kˈɑθo#}
318    | #kˈɑput̪# | #kˈɑbo# {GOLD: #kˈɑbo#}
319    | #kˈɑrkerem# | #kˈɑɾkɾe# {GOLD: #kˈɑɾθel#}
320    | #kˈɑrn̪em# | #kˈɑɾn̪e# {GOLD: #kˈɑɾn̪e#}
321    | #kˈɑsɑm# | #kˈɑsɑ# {GOLD: #kˈɑsɑ#}
322    | #kˈɑt̪t̪ium# | #kˈɑθo# {GOLD: #kˈɑθo#}
323    | #kˈɑt̪t̪um# | #kˈɑt̪o# {GOLD: #ɡˈɑt̪o#}
324    | #kˈɑwet̪# | #kˈɑbe# {GOLD: #kˈɑbe#}
325    | #kˈɑwlem# | #kˈol# {GOLD: #kˈol#}
326    | #kˈɑwsɑm# | #kˈosɑ# {GOLD: #kˈosɑ#}
327    | #kˈɑwt̪o# | #kˈot̪o# {GOLD: #kˈot̪o#}
328    | #kˈɑwt̪ɑrium# | #kˈod̪ɾjo# {GOLD: #kot̪ˈeɾo#}
329    | #kˈɑːn̪ɑ# | #kˈɑn̪ɑ# {GOLD: #kˈɑn̪ɑ#}
330    | #kˈɑːrum# | #kˈɑɾo# {GOLD: #kˈɑɾo#}
331    | #kˈɑːsum# | #kˈɑso# {GOLD: #kˈɑso#}
332    | #kˌae̯mˈen̪t̪um# | #θimjˈen̪t̪o# {GOLD: #θimjˈen̪t̪o#}
333    | #kˌen̪t̪ˈeːn̪um# | #θen̪t̪ˈen̪o# {GOLD: #θen̪t̪ˈen̪o#}
334    | #kˌepˈullɑ# | #θebˈoʝɑ# {GOLD: #θebˈoʝɑ#}
335    | #kˌerˈeolɑ# | #θiɾwˈelɑ# {GOLD: #θiɾwˈelɑ#}
336    | #kˌeːpˈullɑ# | #θebˈoʝɑ# {GOLD: #θebˈoʝɑ#}
337    | #kˌeːrˈeolum# | #θiɾwˈelo# {GOLD: #θiɾwˈelo#}
338    | #kˌeːrˈeolɑ# | #θiɾwˈelɑ# {GOLD: #θiɾwˈelɑ#}
339    | #kˌibˈɑːt̪ɑm# | #θebˈɑd̪ɑ# {GOLD: #θebˈɑd̪ɑ#}
340    | #kˌikɑːt̪rˈiːkem# | #θeɡɑd̪ɾˈiθ# {GOLD: #θikɑt̪ɾˈiθ#}
341    | #kˌikˈoːn̪iɑm# | #θeɡˈuɲɑ# {GOLD: #θiɡʷˈeɲɑ#}
342    | #kˌin̪erˈɑːt̪ɑ# | #θen̪d̪ɾˈɑd̪ɑ# {GOLD: #θen̪d̪ɾˈɑd̪ɑ#}
343    | #kˌin̪kt̪uːrˈɑːt̪um# | #θin̪t̪ɾˈɑd̪o# {GOLD: #θin̪t̪ɾˈɑd̪o#}
344    | #kˌin̪kt̪ˈuːrɑ# | #θin̪t̪ˈuɾɑ# {GOLD: #θin̪t̪ˈuɾɑ#}
345    | #kˌiːwit̪ˈɑːt̪em# | #θiwd̪ˈɑd̪# {GOLD: #θjud̪ˈɑd̪#}
346    | #kˌokwiːn̪ˈɑːrium# | #koɡn̪ˈeɾo# {GOLD: #koθin̪ˈeɾo#}
347    | #kˌokwˈiːn̪ɑ# | #koɡˈin̪ɑ# {GOLD: #koθˈin̪ɑ#}
348    | #kˌokʰleˈɑːrɑm# | #kuxˈɑɾɑ# {GOLD: #kut͡ʃˈɑɾɑ#}
349    | #kˌollokˈɑt̪# | #koʝoɡˈɑ# {GOLD: #kwˈelɡɑ#}
350    | #kˌollokˈɑːre# | #koʝɡˈɑɾ# {GOLD: #kolɡˈɑɾ#}
351    | #kˌollˈiːn̪ɑm# | #koʝˈin̪ɑ# {GOLD: #kolˈin̪ɑ#}
352    | #kˌolˈobrɑ# | #kulˈebɾɑ# {GOLD: #kulˈebɾɑ#}
353    | #kˌolˈoːrem# | #kolˈoɾ# {GOLD: #kolˈoɾ#}
354    | #kˌomit̪ˈissɑ# | #komd̪ˈesɑ# {GOLD: #kon̪d̪ˈesɑ#}
355    | #kˌomit̪ˈɑːt̪um# | #komd̪ˈɑd̪o# {GOLD: #kon̪d̪ˈɑd̪o#}
356    | #kˌommˈuːn̪em# | #komˈun̪# {GOLD: #komˈun̪#}
357    | #kˌomperˈɑːre# | #kompɾˈɑɾ# {GOLD: #kompɾˈɑɾ#}
358    | #kˌomput̪ˈɑːre# | #komwt̪ˈɑɾ# {GOLD: #kon̪t̪ˈɑɾ#}
359    | #kˌompˈɑn̪ikum# | #kompˈɑn̪ɡo# {GOLD: #kompˈɑn̪ɡo#}
360    | #kˌon̪d̪ˈukt̪um# | #kun̪d̪ˈut͡ʃo# {GOLD: #kon̪d̪ˈut͡ʃo#}
361    | #kˌon̪kˈilium# | #kon̪θˈexo# {GOLD: #kon̪θˈexo#}
362    | #kˌon̪st̪ˈɑːre# | #kost̪ˈɑɾ# {GOLD: #kost̪ˈɑɾ#}
363    | #kˌon̪sut̪ˈuːrɑ# | #kost̪ˈuɾɑ# {GOLD: #kost̪ˈuɾɑ#}
364    | #kˌon̪t̪rˈɑkt̪um# | #kun̪t̪ɾˈet͡ʃo# {GOLD: #kon̪t̪ɾˈet͡ʃo#}
365    | #kˌon̪t̪ˈempt̪um# | #kon̪t̪ˈen̪t̪o# {GOLD: #kon̪t̪ˈen̪t̪o#}
366    | #kˌon̪t̪ˌin̪ˈeːre# | #kon̪t̪en̪ˈeɾ# {GOLD: #kon̪t̪en̪ˈeɾ#}
367    | #kˌord̪ˈolium# | #koɾd̪ˈoxo# {GOLD: #koɾd̪ˈoxo#}
368    | #kˌorn̪ˈikulɑm# | #koɾn̪ˈexɑ# {GOLD: #koɾn̪ˈexɑ#}
369    | #kˌorrˈiɡiɑm# | #korˈiɑ# {GOLD: #korˈeɑ#}
370    | #kˌorrˈupt̪ium# | #korˈoθo# {GOLD: #korˈoθo#}
371    | #kˌort̪ˈikeɑ# | #koɾt̪ˈeθɑ# {GOLD: #koɾt̪ˈeθɑ#}
372    | #kˌorˈoːn̪ɑm# | #koɾˈon̪ɑ# {GOLD: #koɾˈon̪ɑ#}
373    | #kˌorˈɑmin̪e# | #koɾˈɑmbɾe# {GOLD: #koɾˈɑmbɾe#}
374    | #kˌoriˈɑːkeɑm# | #kweɾˈɑθɑ# {GOLD: #koɾˈɑθɑ#}
375    | #kˌoˌopˈert̪um# | #koubjˈeɾt̪o# {GOLD: #kubjˈeɾt̪o#}
376    | #kˌoˈɑːɡulum# | #koˈɑxo# {GOLD: #kwˈɑxo#}
377    | #kˌoːn̪sˈilium# | #kosˈexo# {GOLD: #kon̪sˈexo#}
378    | #kˌoːperˈiːre# | #kobɾˈiɾ# {GOLD: #kobɾˈiɾ#}
379    | #kˌoːt̪urn̪ˈiːkem# | #kud̪ɾn̪ˈiθ# {GOLD: #kod̪oɾn̪ˈiθ#}
380    | #kˌoːɡit̪ˈɑːre# | #kuʝd̪ˈɑɾ# {GOLD: #kwid̪ˈɑɾ#}
381    | #kˌubˈikulum# | #kobˈexo# {GOLD: #kobˈixo#}
382    | #kˌukˈullum# | #koɡˈoʝo# {GOLD: #koɡˈoʝo#}
383    | #kˌult̪rˈɑːle# | #kwid̪ɾˈɑl# {GOLD: #kwit̪ɾˈɑl#}
384    | #kˌult̪ˈellum# | #kut͡ʃˈeʝo# {GOLD: #kut͡ʃˈiʝo#}
385    | #kˌummˈiːn̪um# | #komˈin̪o# {GOLD: #komˈin̪o#}
386    | #kˌun̪ˈikulum# | #kon̪ˈexo# {GOLD: #kon̪ˈexo#}
387    | #kˌuskˈulium# | #koskˈuxo# {GOLD: #koskˈoxo#}
388    | #kˌuːrˈɑːre# | #kuɾˈɑɾ# {GOLD: #kuɾˈɑɾ#}
389    | #kˌɑbˈɑllum# | #kɑbˈɑʝo# {GOLD: #kɑbˈɑʝo#}
390    | #kˌɑd̪ˈere# | #kɑʝˈeɾ# {GOLD: #kɑˈeɾ#}
391    | #kˌɑld̪ˈɑːrium# | #kod̪ˈeɾo# {GOLD: #kɑld̪ˈeɾo#}
392    | #kˌɑllˈikulɑ# | #kɑʝˈexɑ# {GOLD: #kɑʝˈexɑ#}
393    | #kˌɑlˈoːrem# | #kɑlˈoɾ# {GOLD: #kɑlˈoɾ#}
394    | #kˌɑmpsˈɑːre# | #kɑmsˈɑɾ# {GOLD: #kɑn̪sˈɑɾ#}
395    | #kˌɑn̪n̪ˈiːkium# | #kɑɲˈiθo# {GOLD: #kɑɲˈiθo#}
396    | #kˌɑn̪ˈit̪iɑm# | #kɑn̪ˈeθɑ# {GOLD: #kɑn̪ˈeθɑ#}
397    | #kˌɑpillɑt̪ˈuːrɑ# | #kɑbeʝɑd̪ˈuɾɑ# {GOLD: #kɑbeʝɑd̪ˈuɾɑ#}
398    | #kˌɑpit̪ˈellum# | #kɑwd̪ˈiʝo# {GOLD: #kɑwd̪ˈiʝo#}
399    | #kˌɑpit̪ˈɑːlem# | #kɑwd̪ˈɑl# {GOLD: #kɑwd̪ˈɑl#}
400    | #kˌɑppˈellɑ# | #kɑpˈiʝɑ# {GOLD: #kɑpˈiʝɑ#}
401    | #kˌɑprˈɑːrium# | #kɑbɾˈeɾo# {GOLD: #kɑbɾˈeɾo#}
402    | #kˌɑpsˈeolɑ# | #kɑxwˈelɑ# {GOLD: #kɑxwˈelɑ#}
403    | #kˌɑpt̪iˈɑːre# | #kɑθˈɑɾ# {GOLD: #kɑθˈɑɾ#}
404    | #kˌɑpt̪ˈɑːre# | #kɑt̪ˈɑɾ# {GOLD: #kɑt̪ˈɑɾ#}
405    | #kˌɑpˈillum# | #kɑbˈeʝo# {GOLD: #kɑbˈeʝo#}
406    | #kˌɑpˈist̪rum# | #kɑbˈest̪ɾo# {GOLD: #kɑbˈest̪ɾo#}
407    | #kˌɑpˈit̪iɑ# | #kɑbˈeθɑ# {GOLD: #kɑbˈeθɑ#}
408    | #kˌɑpˈit̪ulum# | #kɑbˈeld̪o# {GOLD: #kɑbˈild̪o#}
409    | #kˌɑpˈɑn̪n̪ɑm# | #kɑbˈɑɲɑ# {GOLD: #kɑbˈɑɲɑ#}
410    | #kˌɑrbˈoːn̪em# | #kɑɾbˈon̪# {GOLD: #kɑɾbˈon̪#}
411    | #kˌɑrn̪ˈiːkeɑ# | #kɑɾn̪ˈiθɑ# {GOLD: #kɑɾn̪ˈiθɑ#}
412    | #kˌɑrrikˈɑːre# | #kɑrɡˈɑɾ# {GOLD: #kɑɾɡˈɑɾ#}
413    | #kˌɑseˈɑːrium# | #kesˈeɾo# {GOLD: #kesˈeɾo#}
414    | #kˌɑst̪ˈellum# | #kɑst̪ˈiʝo# {GOLD: #kɑst̪ˈiʝo#}
415    | #kˌɑst̪ˈiːkeum# | #kɑst̪ˈiθo# {GOLD: #kɑst̪ˈiθo#}
416    | #kˌɑst̪ˈɑn̪eɑ# | #kɑst̪ˈɑɲɑ# {GOLD: #kɑst̪ˈɑɲɑ#}
417    | #kˌɑsˈɑːrium# | #kɑsˈeɾo# {GOLD: #kɑsˈeɾo#}
418    | #kˌɑt̪eːn̪ˈɑːt̪um# | #kɑn̪d̪ˈɑd̪o# {GOLD: #kɑn̪d̪ˈɑd̪o#}
419    | #kˌɑt̪ˈeːn̪ɑm# | #kɑd̪ˈen̪ɑ# {GOLD: #kɑd̪ˈen̪ɑ#}
420    | #kˌɑːrit̪ˈɑːt̪em# | #kɑɾt̪ˈɑd̪# {GOLD: #kɑɾid̪ˈɑd̪#}
421    | #kˌɑːseˈɑːriɑm# | #kesˈeɾɑ# {GOLD: #kesˈeɾɑ#}
422    | #kʰˈɑrt̪ɑ# | #kˈɑɾt̪ɑ# {GOLD: #kˈɑɾt̪ɑ#}
423    | #lˈɑn̪kulɑ# | #lˈɑn̪t͡ʃɑ# {GOLD: #lˈɑn̪t͡ʃɑ#}
424    | #lˈekt̪um# | #lˈet͡ʃo# {GOLD: #lˈet͡ʃo#}
425    | #lˈen̪d̪in̪em# | #ljˈen̪d̪en̪# {GOLD: #ljˈen̪d̪ɾe#}
426    | #lˈen̪t̪eum# | #ljˈen̪θo# {GOLD: #ljˈen̪θo#}
427    | #lˈeporem# | #ljˈebɾe# {GOLD: #ljˈebɾe#}
428    | #lˈewoː# | #ljˈebo# {GOLD: #ʝˈebo#}
429    | #lˈeːɡem# | #lˈe# {GOLD: #lˈej#}
430    | #lˈiːbrum# | #lˈibɾo# {GOLD: #lˈibɾo#}
431    | #lˈiksɑm# | #lˈexɑ# {GOLD: #lˈixɑ#}
432    | #lˈimpid̪um# | #lˈimpjo# {GOLD: #lˈimpjo#}
433    | #lˈin̪ɡwɑm# | #lˈen̪ɡʷɑ# {GOLD: #lˈen̪ɡʷɑ#}
434    | #lˈit̪t̪erɑm# | #lˈed̪ɾɑ# {GOLD: #lˈet̪ɾɑ#}
435    | #lˈiɡn̪um# | #lˈeɲo# {GOLD: #lˈeɲo#}
436    | #lˈiɡn̪ɑ# | #lˈeɲɑ# {GOLD: #lˈeɲɑ#}
437    | #lˈiːmɑ# | #lˈimɑ# {GOLD: #lˈimɑ#}
438    | #lˈiːn̪um# | #lˈin̪o# {GOLD: #lˈin̪o#}
439    | #lˈiːt̪em# | #lˈid̪# {GOLD: #lˈid̪#}
440    | #lˈokum# | #lwˈeɡo# {GOLD: #lwˈeɡo#}
441    | #lˈon̪ɡum# | #lwˈen̪ɡo# {GOLD: #lwˈen̪ɡo#}
442    | #lˈukrum# | #lwˈeɾo# {GOLD: #lˈoɡɾo#}
443    | #lˈuːksum# | #lˈuxo# {GOLD: #lˈuxo#}
444    | #lˈukt̪ɑm# | #lˈut͡ʃɑ# {GOLD: #lˈut͡ʃɑ#}
445    | #lˈumbum# | #lˈombo# {GOLD: #lˈomo#}
446    | #lˈupum# | #lˈobo# {GOLD: #lˈobo#}
447    | #lˈut̪um# | #lˈod̪o# {GOLD: #lˈod̪o#}
448    | #lˈuːkem# | #lˈuθ# {GOLD: #lˈuθ#}
449    | #lˈuːkid̪um# | #lˈuθjo# {GOLD: #lˈuθjo#}
450    | #lˈuskid̪um# | #lˈuθjo# {GOLD: #lˈuθjo#}
451    | #lˈuːkt̪ɑm# | #lˈut͡ʃɑ# {GOLD: #lˈut͡ʃɑ#}
452    | #lˈuːmin̪em# | #lˈumbɾe# {GOLD: #lˈumbɾe#}
453    | #lˈuːn̪ɑm# | #lˈun̪ɑ# {GOLD: #lˈun̪ɑ#}
454    | #lˈɑbium# | #lˈɑbjo# {GOLD: #lˈɑbjo#}
455    | #lˌɑˈiːkum# | #lɑˈiɡo# {GOLD: #lˈeɡo#}
456    | #lˈɑkrimɑm# | #lˈeɾmɑ# {GOLD: #lˈɑɡɾimɑ#}
457    | #lˈɑksius# | #lˈexos# {GOLD: #lˈexos#}
458    | #lˈɑksoːs# | #lˈexos# {GOLD: #lˈexos#}
459    | #lˈɑkt̪em# | #lˈet͡ʃe# {GOLD: #lˈet͡ʃe#}
460    | #lˈɑkum# | #lˈɑɡo# {GOLD: #lˈɑɡo#}
461    | #lˈɑkweum# | #lˈekwo# {GOLD: #lˈɑθo#}
462    | #lˈɑmboː# | #lˈɑmbo# {GOLD: #lˈɑmo#}
463    | #lˈɑn̪keɑm# | #lˈɑn̪θɑ# {GOLD: #lˈɑn̪θɑ#}
464    | #lˈɑrɡum# | #lˈɑɾɡo# {GOLD: #lˈɑɾɡo#}
465    | #lˈɑt̪um# | #lˈɑd̪o# {GOLD: #lˈɑd̪o#}
466    | #lˈɑwsiɑm# | #lˈusjɑ# {GOLD: #lˈosɑ#}
467    | #lˈɑwt̪iɑm# | #lˈoθɑ# {GOLD: #lˈoθɑ#}
468    | #lˌae̯siˈoːn̪em# | #lesˈon̪# {GOLD: #lesjˈon̪#}
469    | #lˌemikˈɑn̪eɑ# | #leɡʷˈɑɲɑ# {GOLD: #leɡˈɑɲɑ#}
470    | #lˌen̪t̪ˈikulɑ# | #len̪t̪ˈexɑ# {GOLD: #len̪t̪ˈexɑ#}
471    | #lˌeɡˈen̪d̪ɑm# | #leʝˈen̪d̪ɑ# {GOLD: #lejˈen̪d̪ɑ#}
472    | #lˌeɡˈuːmin̪em# | #leɡˈumbɾe# {GOLD: #leɡˈumbɾe#}
473    | #lˈeːɡem# | #lˈe# {GOLD: #lˈej#}
474    | #lˌeːɡˈit̪imum# | #leˈimd̪o# {GOLD: #lˈin̪d̪o#}
475    | #lˌiːbert̪ˈɑːt̪em# | #libɾt̪ˈɑd̪# {GOLD: #libeɾt̪ˈɑd̪#}
476    | #lˌiksˈiːwɑ# | #lexˈibɑ# {GOLD: #lexˈiɑ#}
477    | #lˌit̪t̪erˈɑːt̪um# | #led̪ɾˈɑd̪o# {GOLD: #let̪ɾˈɑd̪o#}
478    | #lˌiɡˈɑːre# | #leˈɑɾ# {GOLD: #liˈɑɾ#}
479    | #lˌiːmit̪ˈɑːre# | #limd̪ˈɑɾ# {GOLD: #lin̪d̪ˈɑɾ#}
480    | #lˌiːt̪iɡˈɑːre# | #lid̪jˈɑɾ# {GOLD: #lid̪jˈɑɾ#}
481    | #lˌokˈellum# | #luθˈiʝo# {GOLD: #luθˈiʝo#}
482    | #lˌokˈɑːlem# | #loɡˈɑl# {GOLD: #luɡˈɑɾ#}
483    | #lˌukrˈɑːri# | #lweɾˈɑɾ# {GOLD: #loɡɾˈɑɾ#}
484    | #lˌumbrˈiːkem# | #lumbɾˈiθ# {GOLD: #lombɾˈiθ#}
485    | #lˌɑkt̪ˈuːkɑm# | #let͡ʃˈuɡɑ# {GOLD: #let͡ʃˈuɡɑ#}
486    | #lˌɑkweˈɑːre# | #lekwˈɑɾ# {GOLD: #lɑθˈɑɾ#}
487    | #kˌɑlˈumn̪iɑ# | #kɑlˈuɲɑ# {GOLD: #kɑlˈoɲɑ#}
488    | #lˌɑt̪erˈellum# | #lɑd̪ɾˈiʝo# {GOLD: #lɑd̪ɾˈiʝo#}
489    | #lˌɑt̪rˈoːn̪em# | #lɑd̪ɾˈon̪# {GOLD: #lɑd̪ɾˈon̪#}
490    | #lˌɑt̪ˈiːn̪um# | #lɑd̪ˈin̪o# {GOLD: #lɑd̪ˈin̪o#}
491    | #lˌɑwd̪ˈɑːre# | #lɑɡʷˈɑɾ# {GOLD: #loˈɑɾ#}
492    | #lˌɑːt̪rˈɑːre# | #lɑd̪ɾˈɑɾ# {GOLD: #lɑd̪ɾˈɑɾ#}
493    | #mˌɑt̪ˈɑksɑ# | #mɑd̪ˈexɑ# {GOLD: #mɑd̪ˈexɑ#}
494    | #mˈel# | #mjˈel# {GOLD: #mjˈel#}
495    | #mˌeliˈoːrem# | #mexˈoɾ# {GOLD: #mexˈoɾ#}
496    | #mˈembrum# | #mjˈembɾo# {GOLD: #mjˈembɾo#}
497    | #mˈeːn̪sem# | #mˈese# {GOLD: #mˈes#}
498    | #mˈeːn̪sɑm# | #mˈesɑ# {GOLD: #mˈesɑ#}
499    | #mˈen̪t̪em# | #mjˈen̪t̪e# {GOLD: #mˈen̪t̪e#}
500    | #mˈerd̪ɑ# | #mjˈeɾd̪ɑ# {GOLD: #mjˈeɾd̪ɑ#}
501    | #mˈerulum# | #mjˈeɾlo# {GOLD: #mˈiɾlo#}
502    | #mˈessem# | #mjˈese# {GOLD: #mjˈes#}
503    | #mˈet̪um# | #mjˈed̪o# {GOLD: #mjˈed̪o#}
504    | #mˈeus# | #mjˈos# {GOLD: #mˈios#}
505    | #mˈihi# | #mjˈe# {GOLD: #mˈi#}
506    | #mˈilium# | #mˈexo# {GOLD: #mˈixo#}
507    | #mˈin̪us# | #mˈen̪os# {GOLD: #mˈen̪os#}
508    | #mˈiːkɑm# | #mˈiɡɑ# {GOLD: #mˈiɡɑ#}
509    | #mˈiːlle# | #mˈiʝe# {GOLD: #mˈil#}
510    | #mˈobilem# | #mwˈeble# {GOLD: #mwˈeble#}
511    | #mˈod̪ium# | #mˈoʝo# {GOLD: #mˈoʝo#}
512    | #mˈollem# | #mwˈeʝe# {GOLD: #mwˈeʝe#}
513    | #mˈolɑ# | #mwˈelɑ# {GOLD: #mwˈelɑ#}
514    | #mˈon̪t̪em# | #mwˈen̪t̪e# {GOLD: #mˈon̪t̪e#}
515    | #mˈorsum# | #mwˈeso# {GOLD: #mwˈeso#}
516    | #mˈort̪em# | #mwˈeɾt̪e# {GOLD: #mwˈeɾt̪e#}
517    | #mˈort̪uːm# | #mwˈeɾt̪u# {GOLD: #mwˈeɾt̪o#}
518    | #mˈukkum# | #mˈoko# {GOLD: #mˈoko#}
519    | #mˈult̪um# | #mˈut͡ʃo# {GOLD: #mˈut͡ʃo#}
520    | #mˈun̪d̪um# | #mˈon̪d̪o# {GOLD: #mˈon̪d̪o#}
521    | #mˈuriɑm# | #mwˈeɾɑ# {GOLD: #mwˈeɾɑ#}
522    | #mˈust̪eum# | #mˈoθo# {GOLD: #mˈoθo#}
523    | #mˈust̪id̪um# | #mˈust̪jo# {GOLD: #mˈust̪jo#}
524    | #mˈust̪um# | #mˈost̪o# {GOLD: #mˈost̪o#}
525    | #mˈut̪ilum# | #mˈold̪o# {GOLD: #mˈot͡ʃo#}
526    | #mˈut̪ium# | #mˈoθo# {GOLD: #mˈoθo#}
527    | #mˈuːlɑm# | #mˈulɑ# {GOLD: #mˈulɑ#}
528    | #mˈuːrum# | #mˈuɾo# {GOLD: #mˈuɾo#}
529    | #mˈuːskulum# | #mˈut͡ʃo# {GOLD: #mˈuslo#}
530    | #mˈɑium# | #mˈɑʝo# {GOLD: #mˈɑʝo#}
531    | #mˈɑkrum# | #mˈeɾo# {GOLD: #mˈɑɡɾo#}
532    | #mˈɑlem# | #mˈɑl# {GOLD: #mˈɑl#}
533    | #mˈɑlum# | #mˈɑlo# {GOLD: #mˈɑlo#}
534    | #mˈɑn̪ikɑm# | #mˈɑn̪ɡɑ# {GOLD: #mˈɑn̪ɡɑ#}
535    | #mˈɑn̪iɑ# | #mˈɑɲɑ# {GOLD: #mˈɑɲɑ#}
536    | #mˈɑn̪kulɑ# | #mˈɑn̪t͡ʃɑ# {GOLD: #mˈɑn̪t͡ʃɑ#}
537    | #mˈɑn̪kum# | #mˈɑn̪ko# {GOLD: #mˈɑn̪ko#}
538    | #mˌɑn̪sioːn̪ˈɑːt̪ɑm# | #mesn̪ˈɑd̪ɑ# {GOLD: #mesn̪ˈɑd̪ɑ#}
539    | #mˈɑn̪um# | #mˈɑn̪o# {GOLD: #mˈɑn̪o#}
540    | #mˈɑn̪uːs# | #mˈɑn̪us# {GOLD: #mˈɑn̪os#}
541    | #mˈɑppɑ# | #mˈɑpɑ# {GOLD: #mˈɑpɑ#}
542    | #mˈɑrem# | #mˈɑɾ# {GOLD: #mˈɑɾ#}
543    | #mˈɑrmor# | #mˈɑɾmoɾ# {GOLD: #mˈɑɾmol#}
544    | #mˈɑrt̪is# | #mˈɑɾt̪es# {GOLD: #mˈɑɾt̪es#}
545    | #mˈɑskulum# | #mˈɑt͡ʃo# {GOLD: #mˈɑt͡ʃo#}
546    | #mˈɑwrum# | #mˈoɾo# {GOLD: #mˈoɾo#}
547    | #mˈɑɡikum# | #mˈeɡo# {GOLD: #mˈeɡo#}
548    | #mˈɑɡis# | #mˈes# {GOLD: #mˈɑs#}
549    | #mˈɑːrt̪ium# | #mˈɑɾθo# {GOLD: #mˈɑɾθo#}
550    | #mˈɑːt̪rem# | #mˈɑd̪ɾe# {GOLD: #mˈɑd̪ɾe#}
551    | #mˌed̪iˈɑːliɑ# | #mjˈɑxɑ# {GOLD: #meˈɑxɑ#}
552    | #mˌeiˈɑːre# | #mjˈɑɾ# {GOLD: #meˈɑɾ#}
553    | #mˌelˈoːn̪em# | #melˈon̪# {GOLD: #melˈon̪#}
554    | #mˌemorˈɑːre# | #membɾˈɑɾ# {GOLD: #membɾˈɑɾ#}
555    | #mˌikst̪ˈiːkium# | #mest̪ˈiθo# {GOLD: #mest̪ˈiθo#}
556    | #mˌin̪imˈɑːre# | #men̪mˈɑɾ# {GOLD: #meɾmˈɑɾ#}
557    | #mˌin̪ˈuːt̪um# | #men̪ˈud̪o# {GOLD: #men̪ˈud̪o#}
558    | #mˌin̪ˈɑkiɑ# | #men̪ˈɑθɑ# {GOLD: #men̪ˈɑθɑ#}
559    | #mˌiskˈeːre# | #meθˈeɾ# {GOLD: #meθˈeɾ#}
560    | #mˌiːrˈɑkulum# | #miɾˈɑxo# {GOLD: #milˈɑɡɾo#}
561    | #mˌolliˈɑːre# | #mwilˈɑɾ# {GOLD: #moxˈɑɾ#}
562    | #mˌollˈiːre# | #moʝˈiɾ# {GOLD: #muʝˈiɾ#}
563    | #mˌolˈiːn̪um# | #molˈin̪o# {GOLD: #molˈin̪o#}
564    | #mˌon̪ˈeːt̪ɑ# | #mon̪ˈed̪ɑ# {GOLD: #mon̪ˈed̪ɑ#}
565    | #mˌorsikˈɑːre# | #moskˈɑɾ# {GOLD: #moskˈɑɾ#}
566    | #mˌort̪uˈɑliɑm# | #moɾt̪oˈɑxɑ# {GOLD: #moɾt̪ˈɑxɑ#}
567    | #mˌowˈeːbile# | #moˈeble# {GOLD: #mwˈeble#}
568    | #mˌulˈierem# | #molˈeɾ# {GOLD: #muxˈeɾ#}
569    | #mˌuːt̪ˈɑːre# | #mud̪ˈɑɾ# {GOLD: #mud̪ˈɑɾ#}
570    | #mˌɑioːrˈiːn̪um# | #mɑʝɾˈin̪o# {GOLD: #meɾˈin̪o#}
571    | #mˌɑiˈoːrem# | #mɑʝˈoɾ# {GOLD: #mɑʝˈoɾ#}
572    | #mˌɑkulˈɑːt̪ɑ# | #mɑxˈɑd̪ɑ# {GOLD: #mɑxˈɑd̪ɑ#}
573    | #mˌɑlˈit̪iɑ# | #mɑlˈeθɑ# {GOLD: #mɑlˈeθɑ#}
574    | #mˌɑn̪kˈipium# | #mɑn̪θˈepo# {GOLD: #mɑn̪θˈebo#}
575    | #mˌɑn̪siˈoːn̪em# | #mesˈon̪# {GOLD: #mesˈon̪#}
576    | #mˌɑrt̪ˈellum# | #mɑɾt̪ˈiʝo# {GOLD: #mɑɾt̪ˈiʝo#}
577    | #mˌɑrˈiːt̪um# | #mɑɾˈid̪o# {GOLD: #mɑɾˈid̪o#}
578    | #mˌɑst̪ikˈɑːre# | #mɑsskˈɑɾ# {GOLD: #mɑskˈɑɾ#}
579    | #mˌɑt̪t̪iˈɑːn̪ɑ# | #mɑθˈɑn̪ɑ# {GOLD: #mɑθˈɑn̪ɑ#}
580    | #mˌɑt̪ˈeolɑ# | #mɑθwˈelɑ# {GOLD: #mɑθwˈelɑ#}
581    | #mˌɑt̪ˈeriɑ# | #mɑd̪ˈeɾɑ# {GOLD: #mɑd̪ˈeɾɑ#}
582    | #mˌɑwrikˈellum# | #moɾθˈiʝo# {GOLD: #moɾθˈiʝo#}
583    | #mˌɑɡˈist̪rum# | #mɑˈest̪ɾo# {GOLD: #mɑˈest̪ɾo#}
584    | #mˌɑːiest̪ˈɑːt̪em# | #mest̪ˈɑd̪# {GOLD: #mɑxest̪ˈɑd̪#}
585    | #mˌɑːksˈillɑm# | #mexˈeʝɑ# {GOLD: #mexˈiʝɑ#}
586    | #mˌɑːn̪eˈɑːn̪ɑ# | #mɑɲˈɑn̪ɑ# {GOLD: #mɑɲˈɑn̪ɑ#}
587    | #mˌɑːn̪uˈɑriɑm# | #mɑn̪oˈeɾɑ# {GOLD: #mɑn̪ˈeɾɑ#}
588    | #mˌɑːt̪ˈeriɑm# | #mɑd̪ˈeɾɑ# {GOLD: #mɑd̪ˈeɾɑ#}
589    | #mˌɑːt̪ˈuːrum# | #mɑd̪ˈuɾo# {GOLD: #mɑd̪ˈuɾo#}
590    | #n̪ˈebulɑ# | #n̪jˈeblɑ# {GOLD: #n̪jˈeblɑ#}
591    | #n̪ˈept̪ɑm# | #n̪jˈet̪ɑ# {GOLD: #n̪jˈet̪ɑ#}
592    | #n̪ˈerwium# | #n̪ˈeɾbjo# {GOLD: #n̪ˈeɾbjo#}
593    | #n̪ˈespirum# | #n̪jˈespɾo# {GOLD: #n̪ˈispeɾo#}
594    | #n̪ˈiwem# | #n̪ˈebe# {GOLD: #n̪jˈebe#}
595    | #n̪ˈiɡrum# | #n̪ˈeɾo# {GOLD: #n̪ˈeɡɾo#}
596    | #n̪ˈiːd̪um# | #n̪ˈio# {GOLD: #n̪ˈid̪o#}
597    | #n̪ˈokt̪e# | #n̪ˈot͡ʃe# {GOLD: #n̪ˈot͡ʃe#}
598    | #n̪ˈost̪rum# | #n̪wˈest̪ɾo# {GOLD: #n̪wˈest̪ɾo#}
599    | #n̪ˈowem# | #n̪we# {GOLD: #n̪wˈebe#}
600    | #n̪ˌowˈeːn̪um# | #n̪oˈen̪o# {GOLD: #n̪obˈen̪o#}
601    | #n̪ˈowium# | #n̪wjo# {GOLD: #n̪ˈobjo#}
602    | #n̪ˈowum# | #n̪wjˈo# {GOLD: #n̪wˈebo#}
603    | #n̪ˈoːmin̪e# | #n̪ˈombɾe# {GOLD: #n̪ˈombɾe#}
604    | #n̪ˈumkwɑm# | #n̪ˈon̪kwɑ# {GOLD: #n̪ˈun̪kɑ#}
605    | #n̪ˈuːbem# | #n̪ˈube# {GOLD: #n̪ˈube#}
606    | #n̪ˈuːd̪o# | #n̪ˈuo# {GOLD: #n̪ˈud̪o#}
607    | #n̪ˈɑːpum# | #n̪ˈɑbo# {GOLD: #n̪ˈɑbo#}
608    | #n̪ˈɑːt̪ɑm# | #n̪ˈɑd̪ɑ# {GOLD: #n̪ˈɑd̪ɑ#}
609    | #n̪ˈɑːwem# | #n̪ˈɑbe# {GOLD: #n̪ˈɑbe#}
610    | #n̪ˌekessit̪ˈɑːt̪em# | #n̪est̪ˈɑd̪# {GOLD: #n̪eθesid̪ˈɑd̪#}
611    | #n̪ˌeɡˈɑːre# | #n̪eˈɑɾ# {GOLD: #n̪eɡˈɑɾ#}
612    | #n̪ˌowit̪ˈɑːt̪em# | #n̪wed̪ˈɑd̪# {GOLD: #n̪obed̪ˈɑd̪#}
613    | #n̪ˌowˈɑkulɑm# | #n̪oˈɑxɑ# {GOLD: #n̪ɑbˈɑxɑ#}
614    | #n̪ˌoːmin̪ˈɑːre# | #n̪ombɾˈɑɾ# {GOLD: #n̪ombɾˈɑɾ#}
615    | #pˈet̪t̪iɑ# | #pjˈeθɑ# {GOLD: #pjˈeθɑ#}
616    | #plˈeːn̪um# | #ʝˈen̪o# {GOLD: #ʝˈen̪o#}
617    | #plˈumbum# | #ʝˈombo# {GOLD: #plˈomo#}
618    | #plˈuwiɑm# | #ʝwˈiɑ# {GOLD: #ʝˈubjɑ#}
619    | #plˈuːmɑm# | #ʝˈumɑ# {GOLD: #plˈumɑ#}
620    | #plˈɑkeɑt̪# | #ʝˈɑθɑ# {GOLD: #plˈeɡɑ#}
621    | #plˈɑkit̪um# | #ʝˈɑθo# {GOLD: #plˈɑθo#}
622    | #plˈɑn̪kt̪um# | #ʝˈɑn̪t̪o# {GOLD: #ʝˈɑn̪t̪o#}
623    | #plˈɑn̪t̪ɑm# | #ʝˈɑn̪t̪ɑ# {GOLD: #ʝˈɑn̪t̪ɑ#}
624    | #plˈɑn̪um# | #ʝˈɑn̪o# {GOLD: #ʝˈɑn̪o#}
625    | #plˈɑt̪eɑm# | #ʝˈɑθɑ# {GOLD: #plˈɑθɑ#}
626    | #plˈɑɡiɑm# | #ʝˈɑʝɑ# {GOLD: #plˈɑjɑ#}
627    | #plˈɑːɡɑm# | #ʝˈɑɑ# {GOLD: #ʝˈɑɡɑ#}
628    | #plˈɑːn̪um# | #ʝˈɑn̪o# {GOLD: #ʝˈɑn̪o#}
629    | #plˌikˈɑːre# | #ʝeɡˈɑɾ# {GOLD: #ʝeɡˈɑɾ#}
630    | #plˌoːrˈɑːre# | #ʝoɾˈɑɾ# {GOLD: #ʝoɾˈɑɾ#}
631    | #plˌɑn̪t̪ˈɑːɡin̪em# | #ʝɑn̪t̪ˈɑʝn̪e# {GOLD: #ʝɑn̪t̪ˈen̪#}
632    | #prˈae̯mium# | #pɾˈimjo# {GOLD: #pɾˈemjo#}
633    | #prˈoːmpt̪um# | #pɾˈon̪t̪o# {GOLD: #pɾˈon̪t̪o#}
634    | #prˈɑːt̪um# | #pɾˈɑd̪o# {GOLD: #pɾˈɑd̪o#}
635    | #prˌae̯kˈoːn̪em# | #pɾeɡˈon̪# {GOLD: #pɾeɡˈon̪#}
636    | #prˌehˈen̪sum# | #pɾeˈeso# {GOLD: #pɾˈeso#}
637    | #prˌiːmˈɑːrium# | #pɾimˈeɾo# {GOLD: #pɾimˈeɾo#}
638    | #prˌiːmˈɑt̪ikum# | #pɾimˈɑsɡo# {GOLD: #pɾimˈɑθɡo#}
639    | #prˌoːfˈekt̪um# | #pɾubˈet͡ʃo# {GOLD: #pɾobˈet͡ʃo#}
640    | #pˈed̪em# | #pjˈee# {GOLD: #pjˈe#}
641    | #pˈekt̪um# | #pˈet͡ʃo# {GOLD: #pˈet͡ʃo#}
642    | #pˈellem# | #pˈiʝe# {GOLD: #pjˈel#}
643    | #pˈen̪sum# | #pˈeso# {GOLD: #pjˈen̪so#}
644    | #pˈerd̪it̪ɑm# | #pjˈeɾd̪ed̪ɑ# {GOLD: #pjˈeɾd̪ɑ#}
645    | #pˈern̪ɑm# | #pjˈeɾn̪ɑ# {GOLD: #pjˈeɾn̪ɑ#}
646    | #pˈet̪rin̪eum# | #pˈed̪ɾɲo# {GOLD: #ped̪ɾˈeɲo#}
647    | #pˈet̪rɑm# | #pjˈed̪ɾɑ# {GOLD: #pjˈed̪ɾɑ#}
648    | #pˈet̪t̪iɑm# | #pjˈeθɑ# {GOLD: #pjˈeθɑ#}
649    | #pˈeːn̪sum# | #pˈeso# {GOLD: #pˈeso#}
650    | #pˈilulɑ# | #pˈeʝɑ# {GOLD: #pˈeʝɑ#}
651    | #pˈilum# | #pˈelo# {GOLD: #pˈelo#}
652    | #pˈin̪kt̪um# | #pˈin̪t̪o# {GOLD: #pˈin̪t̪o#}
653    | #pˈirɑ# | #pˈeɾɑ# {GOLD: #pˈeɾɑ#}
654    | #pˈiskem# | #pˈeθe# {GOLD: #pˈeθ#}
655    | #pˈiɡn̪orɑ# | #pˈeɲɾɑ# {GOLD: #pɾˈen̪d̪ɑ#}
656    | #pˈiɡn̪um# | #pˈeɲo# {GOLD: #pˈeɲo#}
657    | #pˈiːn̪eɑm# | #pˈiɲɑ# {GOLD: #pˈiɲɑ#}
658    | #pˈiːn̪um# | #pˈin̪o# {GOLD: #pˈin̪o#}
659    | #pˈod̪ium# | #pˈoʝo# {GOLD: #pˈoʝo#}
660    | #pˈoe̯n̪ɑm# | #pˈen̪ɑ# {GOLD: #pˈen̪ɑ#}
661    | #pˈon̪t̪em# | #pwˈen̪t̪e# {GOLD: #pwˈen̪t̪e#}
662    | #pˈopulum# | #pwˈeblo# {GOLD: #pwˈeblo#}
663    | #pˈorkum# | #pwˈeɾko# {GOLD: #pwˈeɾko#}
664    | #pˈorrum# | #pwˈero# {GOLD: #pwˈero#}
665    | #pˈort̪um# | #pwˈeɾt̪o# {GOLD: #pwˈeɾt̪o#}
666    | #pˈort̪ɑm# | #pwˈeɾt̪ɑ# {GOLD: #pwˈeɾt̪ɑ#}
667    | #pˈosit̪um# | #pwˈest̪o# {GOLD: #pwˈest̪o#}
668    | #pˈost̪# | #pwˈeθ# {GOLD: #pwˈes#}
669    | #pˈullum# | #pˈoʝo# {GOLD: #pˈoʝo#}
670    | #pˈulpɑ# | #pˈolpɑ# {GOLD: #pˈulpɑ#}
671    | #pˈun̪kt̪um# | #pˈun̪t̪o# {GOLD: #pˈun̪t̪o#}
672    | #pˈut̪eum# | #pˈoθo# {GOLD: #pˈoθo#}
673    | #pˈuɡn̪um# | #pˈuɲo# {GOLD: #pˈuɲo#}
674    | #pˈuːlikɑm# | #pˈulɡɑ# {GOLD: #pˈulɡɑ#}
675    | #pˈuːrum# | #pˈuɾo# {GOLD: #pˈuɾo#}
676    | #pˈɑːkem# | #pˈɑθ# {GOLD: #pˈɑθ#}
677    | #pˈɑleɑm# | #pˈɑxɑ# {GOLD: #pˈɑxɑ#}
678    | #pˈɑlmɑm# | #pˈɑlmɑ# {GOLD: #pˈɑlmɑ#}
679    | #pˈɑn̪n̪um# | #pˈɑɲo# {GOLD: #pˈɑɲo#}
680    | #pˈɑn̪t̪ikem# | #pˈɑn̪t̪eθ# {GOLD: #pˈɑn̪θɑ#}
681    | #pˈɑrt̪em# | #pˈɑɾt̪e# {GOLD: #pˈɑɾt̪e#}
682    | #pˈɑrt̪um# | #pˈɑɾt̪o# {GOLD: #pˈɑɾt̪o#}
683    | #pˈɑssum# | #pˈɑso# {GOLD: #pˈɑso#}
684    | #pˈɑt̪rem# | #pˈɑd̪ɾe# {GOLD: #pˈɑd̪ɾe#}
685    | #pˈɑwkum# | #pˈoko# {GOLD: #pˈoko#}
686    | #pˈɑwkus# | #pˈokos# {GOLD: #pˈokos#}
687    | #pˈɑwperem# | #pˈobɾe# {GOLD: #pˈobɾe#}
688    | #pˈɑːn̪em# | #pˈɑn̪# {GOLD: #pˈɑn̪#}
689    | #pˌed̪ˈukulum# | #ped̪ˈuxo# {GOLD: #pjˈoxo#}
690    | #pˌed̪ˈuːkum# | #ped̪ˈuɡo# {GOLD: #ped̪ˈuɡo#}
691    | #pˌeiˈoːrem# | #pjˈoɾ# {GOLD: #peˈoɾ#}
692    | #pˌekkˈɑːt̪um# | #pekˈɑd̪o# {GOLD: #pekˈɑd̪o#}
693    | #pˌekt̪in̪ˈɑːre# | #pen̪t̪ˈɑɾ# {GOLD: #pejn̪ˈɑɾ#}
694    | #pˌekt̪orˈɑːlem# | #ped̪ɾˈɑl# {GOLD: #pet̪ɾˈɑl#}
695    | #pˌelliːkˈɑːre# | #peʝɡˈɑɾ# {GOLD: #pelɡˈɑɾ#}
696    | #pˌellˈiːkeɑ# | #peʝˈiθɑ# {GOLD: #peʝˈiθɑ#}
697    | #pˌersˈoːn̪ɑm# | #pesˈon̪ɑ# {GOLD: #peɾsˈon̪ɑ#}
698    | #pˌerˈikulum# | #peɾˈexo# {GOLD: #pelˈiɡɾo#}
699    | #pˌeːn̪sˈɑːre# | #pesˈɑɾ# {GOLD: #pesˈɑɾ#}
700    | #pˌiet̪ˈɑːt̪em# | #pˈed̪ˈɑd̪# {GOLD: #pjed̪ˈɑd̪#}
701    | #pˌiskˈɑːt̪um# | #peskˈɑd̪o# {GOLD: #peskˈɑd̪o#}
702    | #pˌit̪ˈɑkkium# | #ped̪ˈeθo# {GOLD: #ped̪ˈɑθo#}
703    | #pˌiɡmˈen̪t̪um# | #pimjˈen̪t̪o# {GOLD: #pimjˈen̪t̪o#}
704    | #pˌiɡrˈit̪iɑ# | #peɾˈeθɑ# {GOLD: #peɾˈeθɑ#}
705    | #pˌod̪iˈɑːre# | #puʝˈɑɾ# {GOLD: #poʝˈɑɾ#}
706    | #pˌollikˈɑːrem# | #poʝɡˈɑɾ# {GOLD: #pulɡˈɑɾ#}
707    | #pˌolˈen̪t̪ɑ# | #puljˈen̪t̪ɑ# {GOLD: #puljˈen̪t̪ɑ#}
708    | #pˌort̪ˈɑt̪ikum# | #poɾt̪ˈɑsɡo# {GOLD: #poɾt̪ˈɑθɡo#}
709    | #pˌosit̪ˈuːrɑ# | #post̪ˈuɾɑ# {GOLD: #post̪ˈuɾɑ#}
710    | #pˌot̪ˈen̪t̪e# | #pud̪jˈen̪t̪e# {GOLD: #pud̪jˈen̪t̪e#}
711    | #pˌoːt̪iˈoːn̪em# | #poθˈon̪# {GOLD: #poθˈon̪#}
712    | #pˌulsˈɑːre# | #puxˈɑɾ# {GOLD: #puxˈɑɾ#}
713    | #pˌult̪ˈɑrium# | #put͡ʃˈeɾo# {GOLD: #put͡ʃˈeɾo#}
714    | #pˈulwum# | #pˈolbo# {GOLD: #pˈolbo#}
715    | #pˌulˈeɡium# | #polˈio# {GOLD: #polˈeo#}
716    | #pˌun̪kt̪iˈɑːre# | #pun̪θˈɑɾ# {GOLD: #pun̪θˈɑɾ#}
717    | #pˌɑlpˈɑːre# | #popˈɑɾ# {GOLD: #popˈɑɾ#}
718    | #pˌɑlˈumbɑm# | #pɑlˈombɑ# {GOLD: #pɑlˈomɑ#}
719    | #pˌɑn̪ifikˈɑːre# | #pɑn̪iɡʷˈɑɾ# {GOLD: #ɑpɑn̪iɡʷˈɑɾ#}
720    | #pˌɑriet̪ˈiːn̪ɑs# | #pɑɾd̪ˈin̪ɑs# {GOLD: #pɑɾd̪ˈin̪ɑs#}
721    | #pˌɑrɑd̪ˈiːsum# | #pɑɾɑiso# {GOLD: #pɑɾɑˈiso#}
722    | #pˌɑrˈiet̪em# | #pɑɾˈed̪# {GOLD: #pɑɾˈed̪#}
723    | #pˌɑrˈɑbolɑ# | #pɑɾˈɑblɑ# {GOLD: #pɑlˈɑbɾɑ#}
724    | #pˌɑst̪ˈoːrem# | #pɑst̪ˈoɾ# {GOLD: #pɑst̪ˈoɾ#}
725    | #pˌɑt̪ˈellɑ# | #pɑd̪ˈiʝɑ# {GOLD: #pɑd̪ˈiʝɑ#}
726    | #pˌɑwsˈɑːre# | #posˈɑɾ# {GOLD: #posˈɑɾ#}
727    | #pˌɑːn̪ˈikulɑ# | #pɑn̪ˈexɑ# {GOLD: #pɑn̪ˈot͡ʃɑ#}
728    | #pˌɑːn̪ˈɑːriɑm# | #pɑn̪ˈeɾɑ# {GOLD: #pɑn̪ˈeɾɑ#}
729    | #rhˈombum# | #rwˈembo# {GOLD: #rˈomo#}
730    | #rˈeːmum# | #rˈemo# {GOLD: #rˈemo#}
731    | #rˈet̪in̪ɑm# | #rjˈen̪d̪ɑ# {GOLD: #rjˈen̪d̪ɑ#}
732    | #rˈeːɡn̪um# | #rˈeɲo# {GOLD: #rˈejn̪o#}
733    | #rˈeːɡulɑ# | #rˈexɑ# {GOLD: #rˈexɑ#}
734    | #rˈeːt̪e# | #rˈed̪# {GOLD: #rˈed̪#}
735    | #rˈeːɡem# | #rˈe# {GOLD: #rˈej#}
736    | #rˈiɡid̪um# | #rˈiʝo# {GOLD: #rˈeo#}
737    | #rˈiːpɑm# | #rˈibɑ# {GOLD: #rˈibɑ#}
738    | #rˈiːwum# | #rˈibo# {GOLD: #rˈio#}
739    | #rˈot̪ulum# | #rwˈeld̪o# {GOLD: #rˈoʝo#}
740    | #rˈot̪ɑm# | #rwˈed̪ɑ# {GOLD: #rwˈed̪ɑ#}
741    | #rˈoːbore# | #rˈobɾe# {GOLD: #rˈoble#}
742    | #rˈoːst̪rum# | #rˈost̪ɾo# {GOLD: #rˈost̪ɾo#}
743    | #rˈubeum# | #rˈubjo# {GOLD: #rˈubjo#}
744    | #rˈupt̪um# | #rˈot̪o# {GOLD: #rˈot̪o#}
745    | #rˈusseum# | #rˈuxo# {GOLD: #rˈoxo#}
746    | #rˈussum# | #rˈoso# {GOLD: #rˈoxo#}
747    | #rˈɑbiɑ# | #rˈɑbjɑ# {GOLD: #rˈɑbjɑ#}
748    | #rˌɑd̪iːkem# | #reθ# {GOLD: #rɑˈiθ#}
749    | #rˈɑd̪ium# | #rˈɑʝo# {GOLD: #rˈɑʝo#}
750    | #rˈɑn̪kid̪um# | #rˈɑn̪θjo# {GOLD: #rˈɑn̪θjo#}
751    | #rˈɑpid̪um# | #rˈɑbjo# {GOLD: #rˈɑwd̪o#}
752    | #rˈɑpʰɑn̪um# | #rˈɑbɑn̪o# {GOLD: #rˈɑbɑn̪o#}
753    | #rˈɑːrum# | #rˈɑɾo# {GOLD: #rˈɑlo#}
754    | #rˈɑːsum# | #rˈɑso# {GOLD: #rˈɑso#}
755    | #rˌekit̪ˈɑːre# | #reθˈɑɾ# {GOLD: #reθˈɑɾ#}
756    | #rˌeːkˌuperˈɑːre# | #reɡobɾˈɑɾ# {GOLD: #rekobɾˈɑɾ#}
757    | #rˌeːn̪iˈoːn̪em# | #reɲˈon̪# {GOLD: #riɲˈon̪#}
758    | #rˌeːɡˈiːn̪ɑm# | #reˈin̪ɑ# {GOLD: #rˈejn̪ɑ#}
759    | #rˌeːɡˈɑːlem# | #reˈɑl# {GOLD: #reˈɑl#}
760    | #rˌin̪ɡˈiːre# | #ren̪xˈiɾ# {GOLD: #reɲˈiɾ#}
761    | #rˌiːsˈon̪eum# | #risˈoɲo# {GOLD: #riswˈeɲo#}
762    | #rˌiːpˈɑːriɑm# | #ribˈeɾɑ# {GOLD: #ribˈeɾɑ#}
763    | #rˌot̪ulˈɑːre# | #rold̪ˈɑɾ# {GOLD: #ɑroxˈɑɾ#}
764    | #rˌot̪ˈellɑm# | #rud̪ˈiʝɑ# {GOLD: #rod̪ˈiʝɑ#}
765    | #rˌoːbˈiːɡin̪e# | #robˈin̪# {GOLD: #robˈin̪#}
766    | #rˌoːsmɑrˈiːn̪um# | #rosmɑɾˈin̪o# {GOLD: #romˈeɾo#}
767    | #rˌupt̪ˈuːrɑm# | #rot̪ˈuɾɑ# {GOLD: #rot̪ˈuɾɑ#}
768    | #rˌuɡˈiːt̪um# | #rwˈid̪o# {GOLD: #rwˈid̪o#}
769    | #rˌɑd̪ˈeːre# | #rɑˈeɾ# {GOLD: #rɑˈeɾ#}
770    | #rˌɑkˈeːmum# | #rɑθˈemo# {GOLD: #rɑθˈimo#}
771    | #rˌɑssikˈɑːre# | #rɑskˈɑɾ# {GOLD: #rɑskˈɑɾ#}
772    | #rˌɑt̪iˈoːn̪em# | #rɑθˈon̪# {GOLD: #rɑθˈon̪#}
773    | #rˌɑːst̪ˈellum# | #rɑst̪ˈiʝo# {GOLD: #rɑst̪ɾˈiʝo#}
774    | #sˈeːmit̪ɑ# | #sˈemd̪ɑ# {GOLD: #sˈen̪d̪ɑ#}
775    | #sˌiɡn̪ˈɑːle# | #seɲˈɑl# {GOLD: #seɲˈɑl#}
776    | #sˌiɡˈillum# | #seˈeʝo# {GOLD: #sˈeʝo#}
777    | #skrˌiːpt̪ˈoːrem# | #eskɾit̪ˈoɾ# {GOLD: #eskɾit̪ˈoɾ#}
778    | #skˈopulum# | #eskwˈeblo# {GOLD: #eskˈoʝo#}
779    | #skˈoːpɑm# | #eskˈobɑ# {GOLD: #eskˈobɑ#}
780    | #skˈuːt̪um# | #eskˈud̪o# {GOLD: #eskˈud̪o#}
781    | #skˈɑlɑm# | #eskˈɑlɑ# {GOLD: #eskˈɑlɑ#}
782    | #skˈɑmn̪um# | #eskˈɑɲo# {GOLD: #eskˈɑɲo#}
783    | #skˌin̪t̪ˈillɑ# | #θen̪t̪ˈeʝɑ# {GOLD: #θen̪t̪ˈeʝɑ#}
784    | #skˌut̪ˈellɑ# | #eskud̪ˈiʝɑ# {GOLD: #eskud̪ˈiʝɑ#}
785    | #skʰˈolɑm# | #eskwˈelɑ# {GOLD: #eskwˈelɑ#}
786    | #spˈekulum# | #espˈexo# {GOLD: #espˈexo#}
787    | #spˈissum# | #espˈeso# {GOLD: #espˈeso#}
788    | #spˈiːn̪ɑm# | #espˈin̪ɑ# {GOLD: #espˈin̪ɑ#}
789    | #spˈon̪ɡiɑ# | #espˈon̪xɑ# {GOLD: #espˈon̪xɑ#}
790    | #spˈoːn̪sum# | #espˈoso# {GOLD: #espˈoso#}
791    | #spˈoːn̪sɑ# | #espˈosɑ# {GOLD: #espˈosɑ#}
792    | #spˈuːmɑm# | #espˈumɑ# {GOLD: #espˈumɑ#}
793    | #spˈɑrt̪um# | #espˈɑɾt̪o# {GOLD: #espˈɑɾt̪o#}
794    | #spˈɑt̪ulɑm# | #espˈɑld̪ɑ# {GOLD: #espˈɑld̪ɑ#}
795    | #spˌeːrˈɑːre# | #espeɾˈɑɾ# {GOLD: #espeɾˈɑɾ#}
796    | #st̪rˈikt̪um# | #est̪ɾˈet͡ʃo# {GOLD: #est̪ɾˈet͡ʃo#}
797    | #st̪rˈin̪ɡoː# | #est̪ɾˈen̪ɡo# {GOLD: #est̪ɾˈiɲo#}
798    | #st̪ˈerkorem# | #est̪jˈeɾkɾe# {GOLD: #est̪jˈeɾkol#}
799    | #st̪ˈeːllɑm# | #est̪ˈeʝɑ# {GOLD: #est̪ɾˈeʝɑ#}
800    | #st̪ˈɑbulum# | #est̪ˈɑblo# {GOLD: #est̪ˈɑblo#}
801    | #st̪ˈɑt̪um# | #est̪ˈɑd̪o# {GOLD: #est̪ˈɑd̪o#}
802    | #sˈae̯pt̪um# | #sjˈet̪o# {GOLD: #sˈet̪o#}
803    | #sˈae̯t̪ɑ# | #sjˈed̪ɑ# {GOLD: #sˈed̪ɑ#}
804    | #sˈed̪eɑt̪# | #sˈeɑ# {GOLD: #sˈeɑ#}
805    | #sˈeks# | #sˈes# {GOLD: #sˈejs#}
806    | #sˈekst̪ɑ# | #sjˈest̪ɑ# {GOLD: #sjˈest̪ɑ#}
807    | #sˈellɑm# | #sˈiʝɑ# {GOLD: #sˈiʝɑ#}
808    | #sˈemper# | #sjˈempeɾ# {GOLD: #sjˈempɾe#}
809    | #sˈept̪em# | #sjˈet̪e# {GOLD: #sjˈet̪e#}
810    | #sˈerrɑ# | #sjˈerɑ# {GOLD: #sjˈerɑ#}
811    | #sˈerwum# | #sjˈeɾbo# {GOLD: #sjˈeɾbo#}
812    | #sˈeːbum# | #sˈebo# {GOLD: #sˈebo#}
813    | #sˈeːn̪sum# | #sˈeso# {GOLD: #sˈeso#}
814    | #sˈeːpiɑ# | #sˈepɑ# {GOLD: #xˈibjɑ#}
815    | #sˈibi# | #sˈebe# {GOLD: #sˈi#}
816    | #sˈiːk# | #sˈi# {GOLD: #sˈi#}
817    | #sˈikkum# | #sˈeko# {GOLD: #sˈeko#}
818    | #sˈilwɑm# | #sˈelbɑ# {GOLD: #sˈelbɑ#}
819    | #sˈin̪e# | #sˈen̪# {GOLD: #sˈin̪#}
820    | #sˈin̪um# | #sˈen̪o# {GOLD: #sˈen̪o#}
821    | #sˈit̪im# | #sˈed̪# {GOLD: #sˈed̪#}
822    | #sˈiɡn̪um# | #sˈeɲo# {GOLD: #sˈeɲo#}
823    | #sˈiɡn̪ɑm# | #sˈeɲɑ# {GOLD: #sˈeɲɑ#}
824    | #sˈokrɑm# | #swˈeɾɑ# {GOLD: #swˈeɡɾɑ#}
825    | #sˈolid̪um# | #swˈed̪o# {GOLD: #swˈeld̪o#}
826    | #sˈolum# | #swˈelo# {GOLD: #swˈelo#}
827    | #sˈolut̪um# | #sˈot͡ʃo# {GOLD: #swˈelt̪o#}
828    | #sˈomn̪ium# | #sˈoɲo# {GOLD: #swˈeɲo#}
829    | #sˈomn̪um# | #swˈeɲo# {GOLD: #swˈeɲo#}
830    | #sˈort̪em# | #swˈeɾt̪e# {GOLD: #swˈeɾt̪e#}
831    | #sˈoːlem# | #sˈol# {GOLD: #sˈol#}
832    | #sˈulkum# | #sˈolko# {GOLD: #sˈuɾko#}
833    | #sˈummɑm# | #sˈomɑ# {GOLD: #sˈomɑ#}
834    | #sˈuper# | #sˈobeɾ# {GOLD: #sˈobɾe#}
835    | #sˈurd̪um# | #sˈoɾd̪o# {GOLD: #sˈoɾd̪o#}
836    | #sˈuːkid̪um# | #sˈuθjo# {GOLD: #sˈuθjo#}
837    | #sˈuːkum# | #sˈuɡo# {GOLD: #sˈuɡo#}
838    | #sˈɑkkum# | #sˈɑko# {GOLD: #sˈɑko#}
839    | #sˈɑksum# | #sˈexo# {GOLD: #sˈɑxo#}
840    | #sˈɑlem# | #sˈɑl# {GOLD: #sˈɑl#}
841    | #sˈɑlikem# | #sˈɑlθe# {GOLD: #sˈɑwθe#}
842    | #sˈɑlt̪um# | #sˈot̪o# {GOLD: #sˈot̪o#}
843    | #sˈɑn̪ɡwin̪em# | #sˈɑn̪ɡen̪# {GOLD: #sˈɑn̪ɡɾe#}
844    | #sˈɑpid̪um# | #sˈɑbjo# {GOLD: #sˈɑbjo#}
845    | #sˈɑpiɑt̪# | #sˈepɑ# {GOLD: #sˈepɑ#}
846    | #sˈɑpui# | #sˈɑbwe# {GOLD: #sˈope#}
847    | #sˈɑɡmɑm# | #sˈemɑ# {GOLD: #sˈomɑ#}
848    | #sˌae̯t̪ˈɑːkeum# | #sed̪ˈɑθo# {GOLD: #θed̪ˈɑθo#}
849    | #sˌed̪ˈeːre# | #seˈeɾ# {GOLD: #sˈeɾ#}
850    | #sˌed̪ˈiːlɑ# | #seˈilɑ# {GOLD: #sˈixɑ#}
851    | #sˌekuːrit̪ˈɑːt̪em# | #seɾt̪ˈɑd̪# {GOLD: #seɡuɾid̪ˈɑd̪#}
852    | #sˌekwˈen̪t̪e# | #siɡjˈen̪t̪e# {GOLD: #siɡjˈen̪t̪e#}
853    | #sˌekˈun̪d̪um# | #seɡˈon̪d̪o# {GOLD: #sˌeɡˈun̪d̪o#}
854    | #sˌekˈɑːre# | #seɡˈɑɾ# {GOLD: #seɡˈɑɾ#}
855    | #sˌen̪iˈoːrem# | #seɲˈoɾ# {GOLD: #seɲˈoɾ#}
856    | #sˌen̪t̪imˈen̪t̪um# | #sen̪t̪mjˈen̪t̪o# {GOLD: #sen̪t̪imjˈen̪t̪o#}
857    | #sˌen̪ˈɑːt̪um# | #sen̪ˈɑd̪o# {GOLD: #sen̪ˈɑd̪o#}
858    | #sˌept̪imˈɑːn̪ɑm# | #set̪mˈɑn̪ɑ# {GOLD: #semˈɑn̪ɑ#}
859    | #sˌermˈoːn̪em# | #seɾmˈon̪# {GOLD: #seɾmˈon̪#}
860    | #sˌeːmˈen̪t̪e# | #simjˈen̪t̪e# {GOLD: #simjˈen̪t̪e#}
861    | #sˌiɡˈillum# | #seˈeʝo# {GOLD: #sˈeʝo#}
862    | #sˌolwˈeːre# | #solbˈeɾ# {GOLD: #solbˈeɾ#}
863    | #sˈolt̪um# | #sˈot͡ʃo# {GOLD: #swˈelt̪o#}
864    | #sˌon̪ˈoːrum# | #son̪ˈoɾo# {GOLD: #son̪ˈoɾo#}
865    | #sˌoːlit̪ˈɑːrium# | #sut͡ʃˈeɾo# {GOLD: #solt̪ˈeɾo#}
866    | #sˌubkˌɑwˈɑːre# | #sokɑbˈɑɾ# {GOLD: #sokɑbˈɑɾ#}
867    | #sˌufferˈiːre# | #sovɾˈiɾ# {GOLD: #sufɾˈiɾ#}
868    | #sˌufflˈɑːre# | #sot͡ʃˈɑɾ# {GOLD: #soplˈɑɾ#}
869    | #sˌupˈerbiɑm# | #subˈeɾbjɑ# {GOLD: #sobˈeɾbjɑ#}
870    | #sˌuspˈekt̪ɑ# | #suspˈet͡ʃɑ# {GOLD: #sospˈet͡ʃɑ#}
871    | #sˌuːd̪ˈoːrem# | #sˈoɾ# {GOLD: #sud̪ˈoɾ#}
872    | #sˌɑlmˈuriɑ# | #sɑlmwˈeɾɑ# {GOLD: #sɑlmwˈeɾɑ#}
873    | #sˌɑlˈuːt̪em# | #sɑlˈud̪# {GOLD: #sɑlˈud̪#}
874    | #sˌɑːn̪kt̪ifikˈɑːre# | #sɑn̪t̪iɡʷˈɑɾ# {GOLD: #sɑn̪t̪iɡʷˈɑɾ#}
875    | #sˌɑn̪ɡwˈin̪eum# | #sɑn̪ɡˈeɲo# {GOLD: #sɑn̪ɡʷˈeɲo#}
876    | #sˌɑpˈoːn̪em# | #sɑbˈon̪# {GOLD: #xɑbˈon̪#}
877    | #sˌɑpˈoːrem# | #sɑbˈoɾ# {GOLD: #sɑbˈoɾ#}
878    | #sˌɑrmˈen̪t̪um# | #sɑɾmjˈen̪t̪o# {GOLD: #sɑɾmjˈen̪t̪o#}
879    | #sˌɑrt̪ˈɑːɡin̪em# | #sɑɾt̪ˈɑʝn̪e# {GOLD: #sɑɾt̪ˈen̪#}
880    | #sˌɑɡˈit̪t̪ɑm# | #sɑˈet̪ɑ# {GOLD: #sɑˈet̪ɑ#}
881    | #sˌɑɡˈiːn̪ɑ# | #sɑˈin̪ɑ# {GOLD: #sɑˈin̪ɑ#}
882    | #sˌɑːn̪it̪ˈɑːt̪em# | #sɑn̪d̪ˈɑd̪# {GOLD: #sɑn̪id̪ˈɑd̪#}
883    | #sˌɑːn̪kt̪iˈoːn̪em# | #sɑn̪θˈon̪# {GOLD: #sɑn̪θjon̪#}
884    | #t̪ˌimˈoːrem# | #t̪emˈoɾ# {GOLD: #t̪emˈoɾ#}
885    | #t̪rˈed̪ekim# | #t̪ɾˈieθ# {GOLD: #t̪ɾˈeθe#}
886    | #t̪rˈeːs# | #t̪ɾˈes# {GOLD: #t̪ɾˈes#}
887    | #t̪rˈibulum# | #t̪ɾˈeblo# {GOLD: #t̪ɾˈiʝo#}
888    | #t̪rˈiːt̪ikum# | #t̪ɾˈiɡo# {GOLD: #t̪ɾˈiɡo#}
889    | #t̪rˈukt̪ɑm# | #t̪ɾˈut͡ʃɑ# {GOLD: #t̪ɾˈut͡ʃɑ#}
890    | #t̪rˈullɑ# | #t̪ɾˈoʝɑ# {GOLD: #t̪ɾˈoʝɑ#}
891    | #t̪rˈun̪kulum# | #t̪ɾˈon̪t͡ʃo# {GOLD: #t̪ɾˈon̪t͡ʃo#}
892    | #t̪rˈun̪kum# | #t̪ɾˈon̪ko# {GOLD: #t̪ɾˈon̪ko#}
893    | #t̪rˌin̪it̪iˈɑːre# | #t̪ɾen̪θˈɑɾ# {GOLD: #t̪ɾen̪θˈɑɾ#}
894    | #t̪rˌist̪ˈit̪iɑm# | #t̪ɾest̪ˈeθɑ# {GOLD: #t̪ɾist̪ˈeθɑ#}
895    | #t̪rˌɑːd̪it̪ˈoːrem# | #t̪ɾed̪ˈoɾ# {GOLD: #t̪ɾɑjd̪ˈoɾ#}
896    | #t̪ˈekt̪um# | #t̪ˈet͡ʃo# {GOLD: #t̪ˈet͡ʃo#}
897    | #t̪ˈempum# | #t̪jˈempo# {GOLD: #t̪jˈempo#}
898    | #t̪ˈen̪erum# | #t̪jˈen̪d̪ɾo# {GOLD: #t̪jˈeɾn̪o#}
899    | #t̪ˈepid̪um# | #t̪ˈibjo# {GOLD: #t̪ˈibjo#}
900    | #t̪ˈepid̪ɑm# | #t̪ˈibjɑ# {GOLD: #t̪ˈibjɑ#}
901    | #t̪ˈerrɑm# | #t̪jˈerɑ# {GOLD: #t̪jˈerɑ#}
902    | #t̪ˈeːlɑm# | #t̪ˈelɑ# {GOLD: #t̪ˈelɑ#}
903    | #t̪ˈeːn̪sum# | #t̪ˈeso# {GOLD: #t̪jˈeso#}
904    | #t̪ˈeːɡulɑm# | #t̪ˈexɑ# {GOLD: #t̪ˈexɑ#}
905    | #t̪ˈin̪eɑ# | #t̪ˈeɲɑ# {GOLD: #t̪ˈiɲɑ#}
906    | #t̪ˈiːn̪kt̪um# | #t̪ˈin̪t̪o# {GOLD: #t̪ˈin̪t̪o#}
907    | #t̪ˈort̪um# | #t̪wˈeɾt̪o# {GOLD: #t̪wˈeɾt̪o#}
908    | #t̪ˈoːt̪um# | #t̪ˈod̪o# {GOLD: #t̪ˈod̪o#}
909    | #t̪ˈun̪ikɑm# | #t̪ˈon̪ɡɑ# {GOLD: #t̪ˈon̪ɡɑ#}
910    | #t̪ˈurbid̪um# | #t̪ˈuɾbjo# {GOLD: #t̪ˈuɾbjo#}
911    | #t̪ˈurrim# | #t̪ˈor# {GOLD: #t̪ore#}
912    | #t̪ˈussem# | #t̪ˈose# {GOLD: #t̪ˈos#}
913    | #t̪ˈɑbulɑm# | #t̪ˈɑblɑ# {GOLD: #t̪ˈɑblɑ#}
914    | #t̪ˈɑbɑn̪um# | #t̪ˈɑbɑn̪o# {GOLD: #t̪ˈɑbɑn̪o#}
915    | #t̪ˈɑksum# | #t̪ˈexo# {GOLD: #t̪ˈexo#}
916    | #t̪ˈɑm# | #t̪ˈɑn̪# {GOLD: #t̪ˈɑn̪#}
917    | #t̪ˈɑn̪t̪um# | #t̪ˈɑn̪t̪o# {GOLD: #t̪ˈɑn̪t̪o#}
918    | #t̪ˈɑn̪ɡoː# | #t̪ˈɑn̪ɡo# {GOLD: #t̪ˈɑn̪ɡo#}
919    | #t̪ˈɑrd̪e# | #t̪ˈɑɾd̪e# {GOLD: #t̪ˈɑɾd̪e#}
920    | #t̪ˈɑwrum# | #t̪ˈoɾo# {GOLD: #t̪ˈoɾo#}
921    | #t̪ˌeksˈeːre# | #t̪exˈeɾ# {GOLD: #t̪exˈeɾ#}
922    | #t̪ˌemporˈɑːn̪um# | #t̪empɾˈɑn̪o# {GOLD: #t̪empɾˈɑn̪o#}
923    | #t̪ˌen̪ˈebrɑːs# | #t̪in̪jˈebɾɑs# {GOLD: #t̪in̪jˈeblɑs#}
924    | #t̪ˌerrˈoːn̪eum# | #t̪erˈuɲo# {GOLD: #t̪erˈuɲo#}
925    | #t̪ˌert̪iˈɑːrium# | #t̪eɾθˈeɾo# {GOLD: #t̪eɾθˈeɾo#}
926    | #t̪ˌormˈen̪t̪ɑm# | #t̪oɾmjˈen̪t̪ɑ# {GOLD: #t̪oɾmˈen̪t̪ɑ#}
927    | #t̪ˌuːbˈellum# | #t̪ubˈiʝo# {GOLD: #t̪obˈiʝo#}
928    | #t̪ˌɑksit̪ˈɑːre# | #t̪ɑst̪ˈɑɾ# {GOLD: #t̪ɑst̪ˈɑɾ#}
929    | #t̪ˌɑksˈoːn̪e# | #t̪exˈon̪# {GOLD: #t̪exˈon̪#}
930    | #t̪ˌɑmmˈɑɡn̪um# | #t̪ɑmˈɑɲo# {GOLD: #t̪ɑmˈɑɲo#}
931    | #t̪ʰˌeːsˈɑwrum# | #t̪esˈoɾo# {GOLD: #t̪esˈoɾo#}
932    | #wˌeksˈiːkɑ# | #bexˈiɡɑ# {GOLD: #bexˈiɡɑ#}
933    | #wˌiːkˈiːn̪um# | #beθˈin̪o# {GOLD: #beθˈin̪o#}
934    | #wˈɑːɡin̪ɑ# | #bˈɑʝn̪ɑ# {GOLD: #bˈɑjn̪ɑ#}
935    | #wˈen̪eris# | #bjˈen̪d̪ɾes# {GOLD: #bjˈeɾn̪es#}
936    | #wˈen̪iː# | #bˈen̪i# {GOLD: #bˈen̪#}
937    | #wˈen̪t̪rem# | #bjˈen̪t̪ɾe# {GOLD: #bjˈen̪t̪ɾe#}
938    | #wˈen̪t̪um# | #bjˈen̪t̪o# {GOLD: #bjˈen̪t̪o#}
939    | #wˈerbum# | #bjˈeɾbo# {GOLD: #bˈeɾbo#}
940    | #wˈesperɑ# | #bjˈespɾɑ# {GOLD: #bˈispeɾɑ#}
941    | #wˈespɑm# | #bjˈespɑ# {GOLD: #bˈispɑ#}
942    | #wˈet̪ulum# | #bjˈeld̪o# {GOLD: #bjˈexo#}
943    | #wˈeːn̪d̪it̪ɑm# | #bˈen̪d̪ed̪ɑ# {GOLD: #bˈen̪t̪ɑ#}
944    | #wˈid̪eɑt̪# | #bˈiɑ# {GOLD: #bˈeɑ#}
945    | #wˈikem# | #bˈeθ# {GOLD: #bˈeθ#}
946    | #wˈillum# | #bˈeʝo# {GOLD: #bˈeʝo#}
947    | #wˈird̪iɑ# | #bˈiɾʝɑ# {GOLD: #bˈeɾθɑ#}
948    | #wˈirid̪em# | #bˈeɾd̪e# {GOLD: #bˈeɾd̪e#}
949    | #wˈit̪ium# | #bˈeθo# {GOLD: #bˈeθo#}
950    | #wˈit̪reum# | #bˈid̪ɾjo# {GOLD: #bˈid̪ɾjo#}
951    | #wˈit̪t̪ɑm# | #bˈet̪ɑ# {GOLD: #bˈet̪ɑ#}
952    | #wˈiːkt̪um# | #bˈit͡ʃo# {GOLD: #bˈit̪o#}
953    | #wˈiːn̪eɑm# | #bˈiɲɑ# {GOLD: #bˈiɲɑ#}
954    | #wˈiːn̪um# | #bˈin̪o# {GOLD: #bˈin̪o#}
955    | #wˈiːsum# | #bˈiso# {GOLD: #bˈiso#}
956    | #wˈiːt̪em# | #bˈid̪# {GOLD: #bˈid̪#}
957    | #wˈiːt̪ɑm# | #bˈid̪ɑ# {GOLD: #bˈid̪ɑ#}
958    | #wˈolt̪ɑ# | #bˈot͡ʃɑ# {GOLD: #bwˈelt̪ɑ#}
959    | #wˈoːkem# | #bˈoθ# {GOLD: #bˈoθ#}
960    | #wˈult̪urem# | #bwˈid̪ɾe# {GOLD: #bwˈit̪ɾe#}
961    | #wˈɑkkɑm# | #bˈɑkɑ# {GOLD: #bˈɑkɑ#}
962    | #wˈɑkum# | #bˈɑɡo# {GOLD: #bˈɑɡo#}
963    | #wˈɑlleːs# | #bˈɑʝes# {GOLD: #bˈɑʝes#}
964    | #wˈɑllɑ# | #bˈɑʝɑ# {GOLD: #bˈɑʝɑ#}
965    | #wˌen̪ˈeːn̪um# | #ben̪ˈen̪o# {GOLD: #ben̪ˈen̪o#}
966    | #wˌerekˈun̪d̪iɑm# | #beɾɡˈun̪xɑ# {GOLD: #beɾɡʷˈen̪θɑ#}
967    | #wˌermˈikulum# | #beɾmˈexo# {GOLD: #beɾmˈexo#}
968    | #wˌest̪ˈiːt̪um# | #best̪ˈid̪o# {GOLD: #best̪ˈid̪o#}
969    | #wˌeːrit̪ˈɑːt̪em# | #beɾt̪ˈɑd̪# {GOLD: #veɾd̪ˈɑd̪#}
970    | #wˌeːsˈiːkɑm# | #besˈiɡɑ# {GOLD: #bexˈiɡɑ#}
971    | #wˌikˈiːn̪um# | #beθˈin̪o# {GOLD: #beθˈin̪o#}
972    | #wˌin̪d̪ikˈɑːre# | #ben̪sɡˈɑɾ# {GOLD: #ben̪ɡˈɑɾ#}
973    | #wˌin̪d̪ˈeːmiɑ# | #ben̪d̪ˈimjɑ# {GOLD: #ben̪d̪ˈimjɑ#}
974    | #wˌin̪kˈikulum# | #ben̪θˈexo# {GOLD: #ben̪θˈexo#}
975    | #wˌirt̪ˈuːt̪em# | #beɾt̪ˈud̪# {GOLD: #biɾt̪ˈud̪#}
976    | #wˈirɡin̪em# | #bˈeɾʝen̪# {GOLD: #bˈiɾxen̪#}
977    | #wˌiːɡˈin̪t̪i# | #bˈin̪t̪e# {GOLD: #bˈejn̪t̪e#}
978    | #wˌolun̪t̪ˈɑːt̪em# | #boln̪t̪ˈɑd̪# {GOLD: #bolun̪t̪ˈɑd̪#}
979    | #wˌɑkwˈɑːt̪ɑ# | #bɑɡʷˈɑd̪ɑ# {GOLD: #bɑɡʷˈɑd̪ɑ#}
980    | #wˌɑkˈiːwum# | #bɑθˈibo# {GOLD: #bɑθˈio#}
981    | #wˌɑlˈen̪t̪em# | #bɑljˈen̪t̪e# {GOLD: #bɑljˈen̪t̪e#}
982    | #wˌɑrˈiolɑ# | #biɾwˈelɑ# {GOLD: #biɾwˈelɑ#}
983    | #ˌɑd̪t̪rˈɑn̪s# | #ɑd̪ɾˈɑs# {GOLD: #ɑt̪ɾˈɑs#}
984    | #ˌɑwd̪ˈiːre# | #ɑɡʷˈiɾ# {GOLD: #oˈiɾ#}
985    | #ɡlˈɑn̪d̪e# | #lˈɑn̪d̪e# {GOLD: #lˈɑn̪d̪e#}
986    | #ɡlˌɑt̪t̪ˈiːre# | #lɑt̪ˈiɾ# {GOLD: #lɑt̪ˈiɾ#}
987    | #ɡrˈae̯kum# | #ɡɾjˈeɡo# {GOLD: #ɡɾjˈeɡo#}
988    | #ɡrˈossum# | #ɡɾwˈeso# {GOLD: #ɡɾwˈeso#}
989    | #ɡrˈyllum# | #ɡɾˈøʝo# {GOLD: #ɡɾˈiʝo#}
990    | #ɡrˈɑn̪d̪em# | #ɡɾˈɑn̪d̪e# {GOLD: #ɡɾˈɑn̪d̪e#}
991    | #ɡrˈɑːn̪um# | #ɡɾˈɑn̪o# {GOLD: #ɡɾˈɑn̪o#}
992    | #ɡrˌun̪n̪ˈiːre# | #ɡɾoɲˈiɾ# {GOLD: #ɡɾuɲˈiɾ#}
993    | #ɡrˌɑwit̪ˈɑːt̪em# | #ɡɾɑwd̪ˈɑd̪# {GOLD: #ɡɾɑbed̪ˈɑd̪#}
994    | #ɡrˌɑːn̪ˈɑːrium# | #ɡɾɑn̪ˈeɾo# {GOLD: #ɡɾɑn̪ˈeɾo#}
995    | #ɡˈeluː# | #ʝˈelu# {GOLD: #ʝˈelo#}
996    | #ɡˈemmɑm# | #ʝˈemɑ# {GOLD: #ʝˈemɑ#}
997    | #ɡˈen̪erum# | #ʝˈen̪d̪ɾo# {GOLD: #ʝˈeɾn̪o#}
998    | #ɡˈen̪t̪em# | #ʝˈen̪t̪e# {GOLD: #xˈen̪t̪e#}
999    | #ɡˈipsum# | #ʝˈeso# {GOLD: #ʝˈeso#}
1000   | #ɡˈubiɑ# | #ɡˈubjɑ# {GOLD: #ɡˈubjɑ#}
1001   | #ɡˈurd̪um# | #ɡˈoɾd̪o# {GOLD: #ɡˈoɾd̪o#}
1002   | #ɡˈut̪t̪ɑm# | #ɡˈot̪ɑ# {GOLD: #ɡˈot̪ɑ#}
1003   | #ɡˈɑllikum# | #ɡˈɑʝɡo# {GOLD: #ɡˈɑlɡo#}
1004   | #ɡˈɑllum# | #ɡˈɑʝo# {GOLD: #ɡˈɑʝo#}
1005   | #ɡˈɑwd̪ium# | #ɡˈoxo# {GOLD: #ɡˈoθo#}
1006   | #ɡˌelˈɑːre# | #elˈɑɾ# {GOLD: #elˈɑɾ#}
1007   | #ɡˌen̪ˈest̪ɑm# | #in̪jˈest̪ɑ# {GOLD: #in̪jˈest̪ɑ#}
1008   | #ɡˌermˈɑːn̪um# | #eɾmˈɑn̪o# {GOLD: #eɾmˈɑn̪o#}
1009   | #ɡˌin̪ɡˈiːwɑm# | #en̪xˈibɑ# {GOLD: #en̪θˈiɑ#}
1010   | #ɡˌubern̪ɑt̪ˈoːre# | #ɡobeɾn̪ɑd̪ˈoɾ# {GOLD: #ɡobeɾn̪ɑd̪ˈoɾ#}
1011   | #ɡˌulˈoːsum# | #ɡolˈoso# {GOLD: #ɡolˈoso#}
1012   | #ɡˌurɡuliˈoːn̪em# | #ɡoɾɡxˈon̪# {GOLD: #ɡoɾɡˈoxo#}
1013   | #ɡˌyːrˈɑːre# | #yɾˈɑɾ# {GOLD: #xiɾˈɑɾ#}
1014   | #ɡˌɑllˈellum# | #ɡɑlˈiʝo# {GOLD: #ɡɑlˈiʝo#}
1015   | #ɡˌɑllˈiːn̪ɑ# | #ɡɑʝˈin̪ɑ# {GOLD: #ɡɑʝˈin̪ɑ#}
1016   | #ɡˌɑn̪n̪ˈiːt̪um# | #ɡɑɲˈid̪o# {GOLD: #ɡɑɲˈid̪o#}
1017   | #ˈaːeːrem# | #ˈaeɾ# {GOLD: #ˈɑjɾe#}
1018   | #ˈekwɑ# | #ʝˈeɡʷɑ# {GOLD: #ʝˈeɡʷɑ#}
1019   | #ˈeremum# | #ʝˈeɾmo# {GOLD: #ʝˈeɾmo#}
1020   | #ˈeːskɑm# | #ˈeskɑ# {GOLD: #ʝˈeskɑ#}
1021   | #ˈiberum# | #ˈebɾo# {GOLD: #ˈebɾo#}
1022   | #ˈilloːs# | #ˈeʝos# {GOLD: #ˈeʝos#}
1023   | #ˈillɑːs# | #ˈeʝɑs# {GOLD: #ˈeʝɑs#}
1024   | #ˈimpleoː# | #ˈemwxo# {GOLD: #ˈin̪t͡ʃo#}
1025   | #ˈin̪# | #ˈen̪# {GOLD: #ˈen̪#}
1026   | #ˈin̪floː# | #ˈimt͡ʃo# {GOLD: #ˈin̪t͡ʃo#}
1027   | #ˈin̪t̪er# | #ˈen̪t̪eɾ# {GOLD: #ˈen̪t̪ɾe#}
1028   | #ˈipse# | #ˈese# {GOLD: #ˈese#}
1029   | #ˈipsum# | #ˈeso# {GOLD: #ˈeso#}
1030   | #ˈist̪e# | #ˈest̪e# {GOLD: #ˈest̪e#}
1031   | #ˈist̪ud̪# | #ˈest̪o# {GOLD: #ˈest̪o#}
1032   | #ˈiːn̪sulɑm# | #ˈislɑ# {GOLD: #ˈislɑ#}
1033   | #ˈiːn̪ɡuin̪em# | #ˈin̪ɡwen̪# {GOLD: #ˈin̪ɡle#}
1034   | #ˈiːrɑm# | #ˈiɾɑ# {GOLD: #ˈiɾɑ#}
1035   | #ˈokko# | #ɡʷˈeko# {GOLD: #wˈeko#}
1036   | #ˈokt̪oː# | #ˈot͡ʃo# {GOLD: #ˈot͡ʃo#}
1037   | #ˈokulum# | #ˈoxo# {GOLD: #ˈoxo#}
1038   | #ˈoperɑm# | #ɡʷˈebɾɑ# {GOLD: #wˈebɾɑ#}
1039   | #ˈoːrd̪in̪em# | #ˈoɾd̪en̪# {GOLD: #ˈoɾd̪en̪#}
1040   | #ˈorsum# | #ɡʷˈeso# {GOLD: #ˈoso#}
1041   | #ˈort̪um# | #ɡʷˈeɾt̪o# {GOLD: #wˈeɾt̪o#}
1042   | #ˈossum# | #ɡʷˈeso# {GOLD: #wˈeso#}
1043   | #ˈoːwum# | #ˈoo# {GOLD: #wˈebo#}
1044   | #ˈulmum# | #ˈolmo# {GOLD: #ˈolmo#}
1045   | #ˈult̪imum# | #ˈut͡ʃemo# {GOLD: #ult̪imo#}
1046   | #ˈun̪d̪ekim# | #ˈon̪d̪eθ# {GOLD: #ˈon̪θe#}
1047   | #ˈun̪kiɑm# | #ˈon̪θɑ# {GOLD: #ˈon̪θɑ#}
1048   | #ˈun̪kt̪um# | #ˈun̪t̪o# {GOLD: #ˈun̪t̪o#}
1049   | #ˈun̪ɡulɑm# | #ˈon̪ɡlɑ# {GOLD: #ˈuɲɑ#}
1050   | #ˈursum# | #ˈoso# {GOLD: #ˈoso#}
1051   | #ˈuːberem# | #ˈubɾe# {GOLD: #ˈubɾe#}
1052   | #ˈuːsum# | #ˈuso# {GOLD: #ˈuso#}
1053   | #ˈuːwɑ# | #ɡʷˈɑ# {GOLD: #ˈubɑ#}
1054   | #ˈɑd̪# | #ˈɑ# {GOLD: #ˈɑ#}
1055   | #ˈɑffloː# | #ˈɑt͡ʃo# {GOLD: #ˈɑʝo#}
1056   | #ˈɑfrikum# | #ˈɑbɾeɡo# {GOLD: #ˈɑbɾeɡo#}
1057   | #ˈɑkerem# | #ˈeɾ# {GOLD: #ˈɑɾθe#}
1058   | #ˈɑkiem# | #ˈɑθ# {GOLD: #ˈɑθ#}
1059   | #ˈɑksem# | #ˈexe# {GOLD: #ˈexe#}
1060   | #ˈɑkwɑm# | #ˈɑɡʷɑ# {GOLD: #ˈɑɡʷɑ#}
1061   | #ˈɑlid̪# | #ˈɑl# {GOLD: #ˈɑl#}
1062   | #ˈɑlikwod̪# | #ˈɑlɡo# {GOLD: #ˈɑlɡo#}
1063   | #ˈɑlt̪erum# | #ˈod̪ɾo# {GOLD: #ˈot̪ɾo#}
1064   | #ˈɑlt̪um# | #ˈot̪o# {GOLD: #ˈɑlt̪o#}
1065   | #ˈɑlɑ# | #ˈɑlɑ# {GOLD: #ˈɑlɑ#}
1066   | #ˈɑmit̪eːs# | #ˈɑmd̪es# {GOLD: #ˈɑn̪d̪es#}
1067   | #ˈɑmplum# | #ˈɑmt͡ʃo# {GOLD: #ˈɑn̪t͡ʃo#}
1068   | #ˈɑn̪imɑm# | #ˈɑn̪mɑ# {GOLD: #ˈɑlmɑ#}
1069   | #ˈɑn̪ksiɑ# | #ˈɑn̪sjɑ# {GOLD: #ˈɑn̪sjɑ#}
1070   | #ˈɑn̪n̪um# | #ˈɑɲo# {GOLD: #ˈɑɲo#}
1071   | #ˈɑn̪sɑm# | #ˈɑsɑ# {GOLD: #ˈɑsɑ#}
1072   | #ˈɑn̪um# | #ˈɑn̪o# {GOLD: #ˈɑn̪o#}
1073   | #ˈɑpium# | #ˈepo# {GOLD: #ˈɑpjo#}
1074   | #ˈɑrborem# | #ˈɑɾbɾe# {GOLD: #ˈɑɾbol#}
1075   | #ˈɑːreɑm# | #ˈeɾɑ# {GOLD: #ˈeɾɑ#}
1076   | #ˌɑrkiˈoːn̪em# | #ɑɾθˈon̪# {GOLD: #ɑɾθˈon̪#}
1077   | #ˈɑrkum# | #ˈɑɾko# {GOLD: #ˈɑɾko#}
1078   | #ˈɑsin̪um# | #ˈɑsn̪o# {GOLD: #ˈɑsn̪o#}
1079   | #ˈɑst̪rum# | #ˈɑst̪ɾo# {GOLD: #ˈɑst̪ɾo#}
1080   | #ˈɑst̪ʰmɑm# | #ˈɑsmɑ# {GOLD: #ˈɑsmɑ#}
1081   | #ˈɑwem# | #ˈɑbe# {GOLD: #ˈɑbe#}
1082   | #ˌɑːwˈersum# | #ɑbjˈeso# {GOLD: #ɑbjˈeso#}
1083   | #ˈɑwrid̪iˈɑːre# | #ˈoɾʝˈɑɾ# {GOLD: #oɾeˈɑɾ#}
1084   | #ˈɑwrum# | #ˈoɾo# {GOLD: #ˈoɾo#}
1085   | #ˈɑwrˈikulɑ# | #ˈoɾˈexɑ# {GOLD: #oɾˈexɑ#}
1086   | #ˈɑwt̪# | #ˈo# {GOLD: #ˈo#}
1087   | #ˌae̯kwɑlit̪ˈɑːt̪em# | #eɡʷot̪ˈɑd̪# {GOLD: #iɡʷɑld̪ˈɑd̪#}
1088   | #ˌae̯kwˈɑːlem# | #eɡʷˈɑl# {GOLD: #iɡʷˈɑl#}
1089   | #ˌae̯st̪ˈiːwum# | #est̪ˈibo# {GOLD: #est̪ˈio#}
1090   | #ˌae̯t̪ˈɑːt̪em# | #ed̪ˈɑd̪# {GOLD: #ed̪ˈɑd̪#}
1091   | #ˌekklˈeːsiɑm# | #et͡ʃˈesɑ# {GOLD: #iɡlˈesjɑ#}
1092   | #ˌekskˌɑrpt̪iˈɑːre# | #eskɑɾθˈɑɾ# {GOLD: #eskɑɾθˈɑɾ#}
1093   | #ˌeksˈemplum# | #exˈemt͡ʃo# {GOLD: #exˈemplo#}
1094   | #ˌeksˈiːt̪um# | #exˈid̪o# {GOLD: #exˈid̪o#}
1095   | #ˌerrˈoːrem# | #erˈoɾ# {GOLD: #erˈoɾ#}
1096   | #ˌeːrˈiːkium# | #eɾˈiθo# {GOLD: #eɾˈiθo#}
1097   | #ˌimperɑːt̪ˈoːre# | #empeɾɑd̪ˈoɾ# {GOLD: #empeɾɑd̪ˈoɾ#}
1098   | #ˌimpˈosit̪um# | #empwˈest̪o# {GOLD: #impwˈest̪o#}
1099   | #ˌimpˈulsum# | #empˈuxo# {GOLD: #empˈuxo#}
1100   | #ˌimpˈulsɑt̪# | #empˈuxɑ# {GOLD: #empˈuxɑ#}
1101   | #ˌin̪d̪ˈikt̪ɑ# | #en̪d̪ˈet͡ʃɑ# {GOLD: #en̪d̪ˈet͡ʃɑ#}
1102   | #ˌin̪d̪ˈikulɑ# | #en̪d̪ˈexɑ# {GOLD: #en̪d̪ˈexɑ#}
1103   | #ˌin̪imˈiːkum# | #en̪mˈiɡo# {GOLD: #en̪emˈiɡo#}
1104   | #ˌin̪kˈert̪um# | #en̪θjˈeɾt̪o# {GOLD: #in̪θjˈeɾt̪o#}
1105   | #ˌin̪kˈiːn̪kt̪ɑ# | #en̪θˈin̪t̪ɑ# {GOLD: #en̪θˈin̪t̪ɑ#}
1106   | #ˌin̪lˈɑkweɑ# | #enlˈekwɑ# {GOLD: #en̪lˈɑθɑ#}
1107   | #ˌin̪t̪erˈɑːn̪eɑ# | #en̪t̪ɾˈɑɲɑ# {GOLD: #en̪t̪ɾˈɑɲɑ#}
1108   | #ˌin̪t̪ˈeɡrum# | #en̪t̪ˈeɾo# {GOLD: #en̪t̪ˈeɾo#}
1109   | #ˌin̪ɡˌɑn̪n̪ˈɑːre# | #en̪ɡɑɲˈɑɾ# {GOLD: #en̪ɡɑɲˈɑɾ#}
1110   | #ˌin̪ɡˌen̪erˈɑːre# | #en̪xen̪d̪ɾˈɑɾ# {GOLD: #en̪xen̪d̪ɾˈɑɾ#}
1111   | #ˌit̪erˈɑːre# | #ed̪ɾˈɑɾ# {GOLD: #ed̪ɾˈɑɾ#}
1112   | #ˌiːn̪fˈern̪um# | #imfjˈeɾn̪o# {GOLD: #in̪fjˈeɾn̪o#}
1113   | #ˌoffˌoːkˈɑːre# | #ooɡˈɑɾ# {GOLD: #ɑoɡˈɑɾ#}
1114   | #ˌokkˈɑːsum# | #okˈɑso# {GOLD: #okˈɑso#}
1115   | #ˌoperˈɑːrium# | #obɾˈeɾo# {GOLD: #obɾˈeɾo#}
1116   | #ˌowˈikulɑ# | #oˈexɑ# {GOLD: #obˈexɑ#}
1117   | #ˌoːrd̪ˈin̪ium# | #oɾd̪ˈeɲo# {GOLD: #oɾd̪ˈeɲo#}
1118   | #ˌoːrd̪ˈiːre# | #oɾd̪ˈiɾ# {GOLD: #uɾd̪ˈiɾ#}
1119   | #ˌumbilˈiːkum# | #umblˈiɡo# {GOLD: #omblˈiɡo#}
1120   | #ˌurt̪ˈiːkɑm# | #oɾt̪ˈiɡɑ# {GOLD: #oɾt̪ˈiɡɑ#}
1121   | #ˌuːrˈiːn̪ɑ# | #oɾˈin̪ɑ# {GOLD: #oɾˈin̪ɑ#}
1122   | #ˌɑbbrˌɑkʰiˈɑːre# | #ɑbɾɑθˈɑɾ# {GOLD: #ɑbɾɑθˈɑɾ#}
1123   | #ˌɑbbɑt̪ˈissɑm# | #ɑbɑd̪ˈesɑ# {GOLD: #ɑbɑd̪ˈesɑ#}
1124   | #ˌɑbbˈɑːt̪em# | #ɑbˈɑd̪# {GOLD: #ɑbˈɑd̪#}
1125   | #ˌɑbˌɑn̪t̪iˈɑːre# | #ɑbɑn̪θˈɑɾ# {GOLD: #ɑbɑn̪θˈɑɾ#}
1126   | #ˌɑd̪iˈeri# | #ɑʝˈeɾ# {GOLD: #ɑʝˈeɾ#}
1127   | #ˌɑd̪wiˈɑːre# | #ɑbjˈɑɾ# {GOLD: #ɑbjˈɑɾ#}
1128   | #ˌɑd̪wˌokɑt̪ˈoːrem# | #ɑboɡɑd̪ˈoɾ# {GOLD: #ɑboɡɑd̪ˈoɾ#}
1129   | #ˌɑd̪wˈersum# | #ɑbjˈeso# {GOLD: #ɑbjˈeso#}
1130   | #ˌɑd̪wˌeːrifikˈɑːre# | #ɑbeɾiɡʷˈɑɾ# {GOLD: #ɑbeɾiɡʷˈɑɾ#}
1131   | #ˌɑd̪ˌuːn̪ˈɑːre# | #ɑd̪un̪ˈɑɾ# {GOLD: #ɑwn̪ˈɑɾ#}
1132   | #ˌɑffrˈon̪t̪ɑ# | #ɑvɾˈen̪t̪ɑ# {GOLD: #ɑfɾˈen̪t̪ɑ#}
1133   | #ˌɑffrˈɑkt̪um# | #ɑvɾˈet͡ʃo# {GOLD: #ɑfɾˈet͡ʃo#}
1134   | #ˌɑkiˈɑːrium# | #ɑθˈeɾo# {GOLD: #ɑθˈeɾo#}
1135   | #ˌɑkkˈen̪t̪um# | #iθjˈen̪t̪o# {GOLD: #ɑθˈen̪t̪o#}
1136   | #ˌɑkkˌept̪ˈoːre# | #eθet̪ˈoɾ# {GOLD: #ɑθˈoɾ#}
1137   | #ˌɑkkˌubit̪ˈɑːre# | #ɑkod̪ˈɑɾ# {GOLD: #ɑkod̪ˈɑɾ#}
1138   | #ˌɑkkˌɑd̪ˈiskit̪# | #ɑkɑˈeθe# {GOLD: #ɑkɑˈeθe#}
1139   | #ˌɑkkˌɑpt̪ˈɑːre# | #ɑkɑt̪ˈɑɾ# {GOLD: #ɑkɑt̪ˈɑɾ#}
1140   | #ˈɑkwilɑm# | #ˈɑxɑ# {GOLD: #ˈɑɡilɑ#}
1141   | #ˌɑkwˈɑkeɑm# | #ɑɡʷˈɑθɑ# {GOLD: #ɑɡʷˈɑθɑ#}
1142   | #ˌɑkˈuːkulɑm# | #ɑɡˈuxɑ# {GOLD: #ɑɡˈuxɑ#}
1143   | #ˌɑkˈuːt̪um# | #ɑɡˈud̪o# {GOLD: #ɑɡˈud̪o#}
1144   | #ˌɑliˈeːn̪um# | #ɑlˈen̪o# {GOLD: #ɑxˈen̪o#}
1145   | #ˌɑllˈium# | #ɑjlˈo# {GOLD: #ˈɑxo#}
1146   | #ˈɑlt̪erum# | #ˈod̪ɾo# {GOLD: #ˈot̪ɾo#}
1147   | #ˌɑlt̪ˈɑːrium# | #ot̪ˈeɾo# {GOLD: #ot̪ˈeɾo#}
1148   | #ˌɑlˈekrem# | #ɑlˈeɾ# {GOLD: #ɑlˈeɡɾe#}
1149   | #ˌɑlɑt̪ˈern̪um# | #ɑlɑd̪jˈeɾn̪o# {GOLD: #ɑlɑd̪jˈeɾn̪o#}
1150   | #ˌɑmbit̪ˈɑːre# | #ɑmwd̪ˈɑɾ# {GOLD: #ɑn̪d̪ˈɑɾ#}
1151   | #ˌɑmpˈullɑm# | #ɑmpˈoʝɑ# {GOLD: #ɑmpˈoʝɑ#}
1152   | #ˌɑmɑrikˈoːsum# | #ɑmɑɾɡˈoso# {GOLD: #ɑmɑɾɡˈoso#}
1153   | #ˌɑmɑrikˈɑːre# | #ɑmɑɾɡˈɑɾ# {GOLD: #ɑɾmɑɡˈɑɾ#}
1154   | #ˌɑmɑrˈellum# | #ɑmɑɾˈiʝo# {GOLD: #ɑmɑɾˈiʝo#}
1155   | #ˌɑmˈiːkum# | #ɑmˈiɡo# {GOLD: #ɑmˈiɡo#}
1156   | #ˌɑmˈoːrem# | #ɑmˈoɾ# {GOLD: #ɑmˈoɾ#}
1157   | #ˌɑmˈɑrikum# | #ɑmˈɑɾɡo# {GOLD: #ɑmˈɑɾɡo#}
1158   | #ˌɑn̪n̪ˈikulum# | #ɑɲˈexo# {GOLD: #ɑɲˈexo#}
1159   | #ˌɑn̪t̪ˈiːkwɑm# | #ɑn̪t̪ˈiɡʷɑ# {GOLD: #ɑn̪t̪ˈiɡʷɑ#}
1160   | #ˌɑn̪ɑt̪ˈikulɑm# | #ɑn̪ɑd̪ˈexɑ# {GOLD: #ɑn̪ɑd̪ˈexɑ#}
1161   | #ˌɑn̪ˈet̪ʰulum# | #ɑn̪jˈeld̪o# {GOLD: #en̪ˈeld̪o#}
1162   | #ˌɑperˈiːre# | #ɑbɾˈiɾ# {GOLD: #ɑbɾˈiɾ#}
1163   | #ˌɑppɑrˈikulum# | #ɑpɑɾˈexo# {GOLD: #ɑpɑɾˈexo#}
1164   | #ˌɑppˈosit̪um# | #ɑpwˈest̪o# {GOLD: #ɑpwˈest̪o#}
1165   | #ˌɑppˈɑːrium# | #ɑpˈeɾo# {GOLD: #ɑpˈeɾo#}
1166   | #ˌɑpriːkˈɑːre# | #ɑbɾɡˈɑɾ# {GOLD: #ɑbɾiɡˈɑɾ#}
1167   | #ˌɑprˈiːlem# | #ɑbɾˈil# {GOLD: #ɑbɾˈil#}
1168   | #ˌɑpt̪ˈɑːre# | #ɑt̪ˈɑɾ# {GOLD: #ɑt̪ˈɑɾ#}
1169   | #ˌɑpˈert̪um# | #ɑbjˈeɾt̪o# {GOLD: #ɑbjˈeɾt̪o#}
1170   | #ˌɑpˈikulɑm# | #ɑbˈexɑ# {GOLD: #ɑbˈexɑ#}
1171   | #ˌɑrkˈɑːrium# | #ɑɾkˈeɾo# {GOLD: #ɑɾkˈeɾo#}
1172   | #ˌɑrmˈɑːrium# | #ɑɾmˈeɾo# {GOLD: #ɑɾmˈeɾo#}
1173   | #ˌɑrrˈekt̪um# | #ɑrˈet͡ʃo# {GOLD: #ɑrˈet͡ʃo#}
1174   | #ˌɑrrˈuɡium# | #ɑrˈuʝo# {GOLD: #ɑrˈojo#}
1175   | #ˌɑrt̪ˈikulum# | #ɑɾt̪ˈexo# {GOLD: #ɑɾt̪ˈexo#}
1176   | #ˌɑrɑn̪ˈeolɑm# | #ɑɾɑɲwˈelɑ# {GOLD: #ɑɾɑɲwˈelɑ#}
1177   | #ˌɑrɡˈillɑm# | #ɑɾʝˈeʝɑ# {GOLD: #ɑɾθˈiʝɑ#}
1178   | #ˌɑrˈeolɑm# | #iɾwˈelɑ# {GOLD: #iɾwˈelɑ#}
1179   | #ˌɑrˈeːn̪ɑ# | #ɑɾˈen̪ɑ# {GOLD: #ɑɾˈen̪ɑ#}
1180   | #ˌɑrˈɑt̪rum# | #ɑɾˈɑd̪ɾo# {GOLD: #ɑɾˈɑd̪o#}
1181   | #ˌɑrˈɑːn̪eɑ# | #ɑɾˈɑɲɑ# {GOLD: #ɑɾˈɑɲɑ#}
1182   | #ˌɑsin̪ˈɑːlem# | #ɑsn̪ˈɑl# {GOLD: #ɑsn̪ˈɑl#}
1183   | #ˌɑsin̪ˈɑːrium# | #ɑsn̪ˈeɾo# {GOLD: #ɑsn̪ˈeɾo#}
1184   | #ˌɑskiˈɑːt̪ɑ# | #ɑθˈɑd̪ɑ# {GOLD: #ɑθˈɑd̪ɑ#}
1185   | #ˌɑskˈiolɑm# | #ɑθwˈelɑ# {GOLD: #ɑθwˈelɑ#}
1186   | #ˌɑssˈuːmpt̪um# | #ɑsˈun̪t̪o# {GOLD: #ɑsˈun̪t̪o#}
1187   | #ˌɑssˌen̪t̪ˈiːre# | #ɑsen̪t̪ˈiɾ# {GOLD: #ɑsen̪t̪ˈiɾ#}
1188   | #ˌɑst̪ˈellɑ# | #ɑst̪ˈiʝɑ# {GOLD: #ɑst̪ˈiʝɑ#}
1189   | #ˌɑst̪ˈurikɑ# | #ɑst̪ˈoɾɡɑ# {GOLD: #ɑst̪ˈoɾɡɑ#}
1190   | #ˌɑt̪t̪ˌɑliˈɑːre# | #ɑt̪ɑxˈɑɾ# {GOLD: #ɑt̪ɑxˈɑɾ#}
1191   | #ˌɑwd̪ˈiːt̪um# | #ɑɡʷˈid̪o# {GOLD: #oˈid̪o#}
1192   | #ˌɑwkt̪orikˈɑːre# | #ot̪oɾɡˈɑɾ# {GOLD: #ot̪oɾɡˈɑɾ#}
1193   | #ˈɑwkɑ# | #ˈokɑ# {GOLD: #ˈokɑ#}
1194   | #ˌɑwrˈikulɑ# | #oɾˈexɑ# {GOLD: #oɾˈexɑ#}
1195   | #ˌɑwskˈult̪ɑt̪# | #oskˈut͡ʃɑ# {GOLD: #eskˈut͡ʃɑ#}
1196   | #ˌɑwt̪ˈumn̪um# | #ot̪ˈoɲo# {GOLD: #ot̪ˈoɲo#}
1197   | #ˌɑwɡˈurium# | #ɑwˈeɾo# {GOLD: #ɑɡʷˈeɾo#}
1198   | #ˌɑwɡˈust̪um# | #ɑˈost̪o# {GOLD: #ɑɡˈost̪o#}
1199   | #ˌɑɡn̪ˈiːn̪um# | #ɑɲˈin̪o# {GOLD: #ɑɲˈin̪o#}
1200   | #ˌɑːbˈɑːkem# | #ɑbˈɑθ# {GOLD: #ɑbˈɑθ#}
1201   | #ˌɑːn̪ˈellum# | #ɑn̪ˈiʝo# {GOLD: #ɑn̪ˈiʝo#}
1202   | #t̪ˌeːɡulˈɑːt̪um# | #t̪exˈɑd̪o# {GOLD: #t̪exˈɑd̪o#}
1203   | #sˌikkˈɑːn̪um# | #sekˈɑn̪o# {GOLD: #sekˈɑn̪o#}
1204   | #d̪ˌeːkollˈɑːre# | #d̪eɡlˈɑɾ# {GOLD: #d̪eɡoʝˈɑɾ#}
1205   | #ˌɑkˈeːt̪um# | #ɑθˈed̪o# {GOLD: #ɑθˈed̪o#}
1206   | #ˌae̯ɡypt̪iˈɑːkum# | #jøθˈɑɡo# {GOLD: #ɑθjˈɑɡo#}
1207   | #ɡrˈɑd̪um# | #ɡɾˈɑo# {GOLD: #ɡɾˈɑd̪o#}
1208   | #wˈɑd̪um# | #bˈɑo# {GOLD: #bˈɑd̪o#}
1209   | #spˈɑrɑɡum# | #espˈɑɾɑo# {GOLD: #espˈɑrɑɡo#}
1210   | #lˈɑwt̪iɑ# | #lˈoθɑ# {GOLD: #lˈoθɑ#}
1211   | #t̪ˌɑːliˈɑːre# | #t̪ɑxˈɑɾ# {GOLD: #t̪ɑxˈɑɾ#}
1212   | #wˈoːt̪ɑ# | #bˈod̪ɑ# {GOLD: #bˈod̪ɑ#}
1213   | #ˈun̪ɡulɑ# | #ˈon̪ɡlɑ# {GOLD: #ˈuɲɑ#}